City_ID,City,Country,Date,Lat,Lng,Max Temp,Humidity,Cloudiness,Wind Speed
0,Rikitea,PF,2022-09-22 17:06:28,-23.1203,-134.9692,72.9,72,19,13.29
1,Lebu,CL,2022-09-22 17:04:08,-37.6167,-73.65,54.23,78,92,6.04
2,Oranjestad,AW,2022-09-22 17:06:28,12.524,-70.027,87.75,66,75,8.05
3,Tuktoyaktuk,CA,2022-09-22 17:06:29,69.4541,-133.0374,33.8,100,100,9.22
4,Punta Arenas,CL,2022-09-22 17:06:29,-53.15,-70.9167,46.51,66,0,10.36
5,Saskylakh,RU,2022-09-22 17:06:29,71.9167,114.0833,18.16,88,71,4.43
6,Kiunga,PG,2022-09-22 16:59:55,-6.1219,141.2906,71.35,99,99,1.05
7,Palafrugell,ES,2022-09-22 17:00:48,41.9174,3.1631,73.35,56,5,3.0
8,Port Alfred,ZA,2022-09-22 17:00:58,-33.5906,26.891,69.19,56,34,2.51
9,Albany,US,2022-09-22 16:57:20,42.6001,-73.9662,62.51,91,99,9.57
10,Busselton,AU,2022-09-22 16:59:56,-33.65,115.3333,47.25,80,0,6.69
11,Port Elizabeth,ZA,2022-09-22 16:59:57,-33.918,25.5701,62.89,89,20,20.71
12,Ternate,ID,2022-09-22 16:59:57,0.8,127.4,80.37,75,76,0.87
13,Vila Velha,BR,2022-09-22 16:59:57,-20.3297,-40.2925,85.95,65,0,16.11
14,Sao Joao Da Barra,BR,2022-09-22 16:59:58,-21.6403,-41.0511,84.29,84,94,13.22
15,Bambous Virieux,MU,2022-09-22 16:59:58,-20.3428,57.7575,72.21,83,75,14.97
16,Geraldton,AU,2022-09-22 16:59:58,-28.7667,114.6,50.41,93,0,6.91
17,Joshimath,IN,2022-09-22 16:59:59,30.5667,79.5667,66.92,87,100,2.89
18,Krasnoselkup,RU,2022-09-22 16:59:59,65.7,82.4667,35.47,96,99,20.0
19,Mehriz,IR,2022-09-22 16:59:59,31.5917,54.4318,84.7,18,26,4.03
20,Svetlaya,RU,2022-09-22 17:00:00,46.5389,138.3297,49.32,84,57,5.01
21,Neftegorsk,RU,2022-09-22 17:00:00,52.802,51.166,69.91,24,100,9.46
22,Gumia,IN,2022-09-22 17:00:01,23.7833,85.8167,77.67,90,8,3.87
23,Tasiilaq,GL,2022-09-22 17:00:01,65.6145,-37.6368,38.62,63,80,8.57
24,Camacha,PT,2022-09-22 17:00:02,33.0833,-16.3333,74.62,65,40,11.5
25,Bethel,US,2022-09-22 17:00:03,41.3712,-73.414,70.11,90,98,4.0
26,Luderitz,NA,2022-09-22 17:00:10,-26.6481,15.1594,58.95,71,0,13.44
27,Pevek,RU,2022-09-22 17:00:11,69.7008,170.3133,36.03,82,58,14.63
28,Longyearbyen,SJ,2022-09-22 17:00:12,78.2186,15.6401,35.44,69,75,26.46
29,Ribeira Grande,PT,2022-09-22 17:00:12,38.5167,-28.7,77.4,83,40,11.5
30,Qasigiannguit,GL,2022-09-22 17:00:13,68.8193,-51.1922,34.16,99,100,6.76
31,Banda Aceh,ID,2022-09-22 17:00:14,5.5577,95.3222,79.84,76,98,11.34
32,Tarrafal,CV,2022-09-22 17:00:14,15.2833,-23.7667,80.35,79,99,13.89
33,Kita,ML,2022-09-22 17:00:15,13.0349,-9.4895,81.57,79,72,4.45
34,Tiksi,RU,2022-09-22 17:01:01,71.6872,128.8694,28.45,91,99,12.3
35,Mahebourg,MU,2022-09-22 17:00:15,-20.4081,57.7,72.25,83,23,18.54
36,Mataura,NZ,2022-09-22 17:00:16,-46.1927,168.8643,39.47,98,61,1.59
37,Kitimat,CA,2022-09-22 17:00:12,54.0524,-128.6534,54.91,22,25,3.0
38,Georgetown,MY,2022-09-22 16:57:29,5.4112,100.3354,80.53,86,20,0.0
39,Hilo,US,2022-09-22 17:00:17,19.7297,-155.09,76.62,91,1,7.0
40,Carnarvon,AU,2022-09-22 17:00:18,-24.8667,113.6333,65.39,76,0,17.85
41,Dikson,RU,2022-09-22 17:00:19,73.5069,80.5464,29.62,85,100,23.26
42,Vaini,TO,2022-09-22 17:01:04,-21.2,-175.2,75.54,87,99,16.91
43,Atuona,PF,2022-09-22 17:00:19,-9.8,-139.0333,76.62,76,14,19.33
44,Castro,BR,2022-09-22 17:00:19,-24.7911,-50.0119,58.89,89,100,6.51
45,Villa Union,MX,2022-09-22 17:00:20,23.2,-106.2333,85.91,86,6,2.91
46,Maragogi,BR,2022-09-22 17:00:21,-9.0122,-35.2225,80.71,68,59,11.74
47,New Norfolk,AU,2022-09-22 17:07:36,-42.7826,147.0587,54.91,88,100,1.79
48,Bluff,NZ,2022-09-22 17:07:36,-46.6,168.3333,39.79,80,89,5.44
49,Krasnoarmeysk,RU,2022-09-22 17:07:37,51.0239,45.6969,59.36,91,100,11.79
50,Kapaa,US,2022-09-22 17:06:00,22.0752,-159.319,73.72,89,75,6.91
51,Rabaul,PG,2022-09-22 17:07:37,-4.1967,152.1721,77.9,82,65,5.01
52,Margate,GB,2022-09-22 17:07:38,51.3813,1.3862,63.7,65,100,4.0
53,Nelson Bay,AU,2022-09-22 17:07:38,-32.7167,152.15,61.0,97,100,1.99
54,Ilulissat,GL,2022-09-22 17:07:30,69.2167,-51.1,35.62,87,75,9.22
55,Riachao,BR,2022-09-22 17:07:39,-7.3619,-46.6172,103.23,17,75,3.65
56,Jamestown,US,2022-09-22 17:00:39,42.097,-79.2353,60.19,43,81,3.0
57,Arraial Do Cabo,BR,2022-09-22 17:01:01,-22.9661,-42.0278,71.92,89,100,6.22
58,Bara,NG,2022-09-22 17:02:10,10.3744,10.7288,83.97,66,42,2.66
59,Beira,MZ,2022-09-22 17:02:10,-19.8436,34.8389,77.09,78,20,13.8
60,Ust-Nera,RU,2022-09-22 17:02:11,64.5667,143.2,23.94,96,100,7.07
61,Avarua,CK,2022-09-22 17:02:11,-21.2078,-159.775,73.45,73,75,12.66
62,Mar Del Plata,AR,2022-09-22 17:00:32,-38.0023,-57.5575,53.87,77,68,13.0
63,Corinto,GR,2022-09-22 17:02:12,37.9407,22.9573,66.88,51,95,2.53
64,Dustlik,UZ,2022-09-22 17:02:13,40.5247,68.0358,72.14,20,0,4.09
65,Atar,MR,2022-09-22 17:02:13,20.5169,-13.0499,97.72,31,87,13.33
66,Bermejo,AR,2022-09-22 17:02:13,-32.8833,-68.8,63.73,20,0,7.61
67,Hermanus,ZA,2022-09-22 17:02:14,-34.4187,19.2345,54.81,71,84,20.8
68,Ushuaia,AR,2022-09-22 17:02:14,-54.8,-68.3,46.87,59,25,7.54
69,Barrow,US,2022-09-22 17:02:15,71.2906,-156.7887,32.02,93,100,10.36
70,Thinadhoo,MV,2022-09-22 17:02:15,0.5333,72.9333,83.12,71,8,12.57
71,Cherskiy,RU,2022-09-22 17:02:15,68.75,161.3,33.31,79,8,9.01
72,Beringovskiy,RU,2022-09-22 17:02:16,63.05,179.3167,41.54,83,100,2.66
73,Plouzane,FR,2022-09-22 17:02:17,48.3833,-4.6167,66.52,68,0,9.22
74,Bredasdorp,ZA,2022-09-22 17:02:17,-34.5322,20.0403,55.47,70,93,18.63
75,Camargo,MX,2022-09-22 17:02:18,27.6667,-105.1667,80.13,42,0,5.46
76,Saint-Philippe,RE,2022-09-22 17:02:19,-21.3585,55.7679,71.19,86,23,15.05
77,East London,ZA,2022-09-22 17:01:56,-33.0153,27.9116,70.97,66,21,12.21
78,Raton,US,2022-09-22 17:02:20,36.9034,-104.4391,69.06,62,20,9.22
79,Bengkulu,ID,2022-09-22 17:02:20,-3.8004,102.2655,74.95,89,93,3.47
80,Nouadhibou,MR,2022-09-22 17:02:20,20.931,-17.0347,72.66,97,100,6.82
81,Padang,ID,2022-09-22 17:02:21,-0.9492,100.3543,76.41,78,64,4.52
82,Makubetsu,JP,2022-09-22 17:02:21,45.3714,141.8211,56.21,80,94,6.06
83,La Paz,BO,2022-09-22 16:58:01,-16.5,-68.15,62.58,21,75,5.75
84,Ayan,RU,2022-09-22 17:02:22,56.45,138.1667,46.02,67,100,4.29
85,Hobart,AU,2022-09-22 17:00:19,-42.8794,147.3294,55.26,92,100,0.0
86,Vila Franca Do Campo,PT,2022-09-22 17:02:23,37.7167,-25.4333,77.41,71,52,4.79
87,Ponta Do Sol,PT,2022-09-22 17:02:23,32.6667,-17.1,78.01,91,28,1.74
88,San Patricio,US,2022-09-22 17:02:24,28.017,-97.5169,88.92,51,0,6.17
89,San Policarpo,PH,2022-09-22 17:02:24,12.1791,125.5072,78.06,87,100,5.23
90,Coatesville,US,2022-09-22 16:57:58,39.9832,-75.8238,71.82,92,100,12.66
91,Luau,AO,2022-09-22 17:02:25,-10.7073,22.2247,77.56,50,69,6.31
92,Tezu,IN,2022-09-22 17:03:25,27.9167,96.1667,74.26,97,80,3.74
93,Isla Mujeres,MX,2022-09-22 17:03:26,21.2311,-86.731,86.16,68,2,5.35
94,Duncan,US,2022-09-22 17:03:26,34.5023,-97.9578,82.29,47,0,13.8
95,Pavino,RU,2022-09-22 17:03:27,59.1139,46.1414,48.02,89,100,5.86
96,Lively,CA,2022-09-22 17:00:10,46.4334,-81.1498,49.01,64,100,13.67
97,Menongue,AO,2022-09-22 17:03:27,-14.6585,17.691,77.99,10,1,4.97
98,Salinopolis,BR,2022-09-22 17:03:28,-0.6136,-47.3561,84.51,62,65,10.38
99,Saint George,US,2022-09-22 17:06:50,37.1041,-113.5841,80.26,51,20,5.75
100,Port Lincoln,AU,2022-09-22 17:08:46,-34.7333,135.8667,54.64,82,75,2.68
101,Grindavik,IS,2022-09-22 17:08:46,63.8424,-22.4338,48.67,81,75,11.5
102,Nipawin,CA,2022-09-22 17:08:47,53.3668,-104.0009,56.57,37,0,12.55
103,Mardin,TR,2022-09-22 17:08:47,37.3131,40.7436,69.06,50,40,6.91
104,Alyangula,AU,2022-09-22 17:08:47,-13.8483,136.4192,77.07,85,63,4.34
105,Ahipara,NZ,2022-09-22 17:03:31,-35.1667,173.1667,51.75,92,13,3.83
106,Neuquen,AR,2022-09-22 17:02:33,-38.9516,-68.0591,64.74,34,68,23.04
107,Ponta Delgada,PT,2022-09-22 17:03:31,37.7333,-25.6667,77.72,78,20,11.5
108,Maniitsoq,GL,2022-09-22 17:03:32,65.4167,-52.9,41.14,97,100,22.06
109,Sovetskiy,RU,2022-09-22 17:03:32,61.3614,63.5842,42.44,63,1,5.08
110,Angoche,MZ,2022-09-22 17:03:32,-16.2325,39.9086,75.43,77,1,9.37
111,Coari,BR,2022-09-22 17:03:33,-4.085,-63.1414,100.62,28,9,0.98
112,Cape Town,ZA,2022-09-22 17:01:37,-33.9258,18.4232,57.09,84,100,5.01
113,Shenzhen,CN,2022-09-22 17:00:01,22.5455,114.0683,84.07,86,15,2.48
114,Khatanga,RU,2022-09-22 17:03:34,71.9667,102.5,21.79,83,17,12.46
115,Pimenta Bueno,BR,2022-09-22 17:03:34,-11.6725,-61.1936,93.04,35,90,3.51
116,Teknaf,BD,2022-09-22 17:03:35,20.8624,92.3058,80.02,85,69,2.26
117,Itaberai,BR,2022-09-22 17:03:35,-16.0203,-49.8103,91.11,32,83,10.02
118,Blackfoot,US,2022-09-22 17:00:40,43.1905,-112.345,53.73,48,75,18.12
119,Codrington,AU,2022-09-22 17:03:35,-38.2667,141.9667,48.9,93,72,5.7
120,Hayden,US,2022-09-22 17:00:06,47.766,-116.7866,56.55,85,100,3.0
121,Airai,TL,2022-09-22 17:03:36,-8.9266,125.4092,59.29,58,94,2.89
122,Klaksvik,FO,2022-09-22 17:03:36,62.2266,-6.589,52.72,83,17,16.8
123,Qaanaaq,GL,2022-09-22 17:03:37,77.484,-69.3632,20.89,63,20,6.82
124,Guerrero Negro,MX,2022-09-22 17:02:13,27.9769,-114.0611,77.83,61,46,5.3
125,Omboue,GA,2022-09-22 17:03:37,-1.5746,9.2618,78.3,78,67,9.17
126,Troitsko-Pechorsk,RU,2022-09-22 17:03:37,62.7084,56.1964,39.07,85,9,4.47
127,Kruisfontein,ZA,2022-09-22 17:03:38,-34.0033,24.7314,59.34,71,89,8.93
128,Morros,BR,2022-09-22 17:03:38,-9.4467,-46.3003,98.62,22,58,3.69
129,Manaure,CO,2022-09-22 17:03:39,11.7751,-72.4445,84.81,65,88,6.13
130,Jam Sahib,PK,2022-09-22 17:03:39,26.2958,68.6292,84.9,60,7,15.43
131,Fortuna,US,2022-09-22 17:03:39,40.5982,-124.1573,64.92,84,0,1.01
132,Springbok,ZA,2022-09-22 17:03:40,-29.6643,17.8865,52.11,46,62,9.51
133,Mayna,RU,2022-09-22 17:03:40,54.1135,47.6231,56.62,69,100,6.06
134,Wahiawa,US,2022-09-22 17:03:41,21.5028,-158.0236,73.18,85,61,3.18
135,Los Llanos De Aridane,ES,2022-09-22 17:03:41,28.6585,-17.9182,76.75,66,20,12.66
136,Tomatlan,MX,2022-09-22 17:03:41,19.9333,-105.25,86.16,65,74,2.42
137,Maceio,BR,2022-09-22 17:00:15,-9.6658,-35.7353,85.44,65,75,14.97
138,Hofn,IS,2022-09-22 17:03:42,64.2539,-15.2082,50.02,87,75,11.5
139,Nikolskoye,RU,2022-09-22 17:09:52,59.7035,30.7861,49.91,93,100,4.52
140,Carutapera,BR,2022-09-22 17:09:53,-1.195,-46.02,87.33,53,49,9.53
141,Madison Heights,US,2022-09-22 17:09:53,42.4859,-83.1052,61.9,61,75,13.8
142,Batagay-Alyta,RU,2022-09-22 17:09:54,67.8006,130.4114,28.71,70,100,2.77
143,Krasnorechenskiy,RU,2022-09-22 17:04:44,44.6265,135.3532,41.94,96,98,1.1
144,Jiexiu,CN,2022-09-22 17:04:44,37.0244,111.9125,53.65,25,50,5.3
145,Nome,US,2022-09-22 17:07:16,64.5011,-165.4064,44.67,93,100,13.8
146,Upernavik,GL,2022-09-22 17:09:55,72.7868,-56.1549,32.36,55,100,3.96
147,Lagoa,PT,2022-09-22 17:04:45,39.05,-27.9833,74.3,81,78,15.03
148,Poum,NC,2022-09-22 17:04:45,-20.2333,164.0167,75.34,71,96,12.93
149,Cayenne,GF,2022-09-22 17:04:46,4.9333,-52.3333,91.44,55,0,11.5
150,Buala,SB,2022-09-22 17:04:46,-8.145,159.5921,77.85,81,19,2.08
151,Kodiak,US,2022-09-22 17:04:46,57.79,-152.4072,42.31,87,40,5.75
152,Palana,RU,2022-09-22 17:04:47,59.1167,159.9667,40.87,68,86,23.8
153,Llaillay,CL,2022-09-22 17:04:47,-32.85,-70.9667,72.25,14,0,5.03
154,Hervey Bay,AU,2022-09-22 17:04:47,-25.2986,152.8535,66.34,88,1,3.31
155,Maneadero,MX,2022-09-22 17:04:48,31.7167,-116.5667,72.1,77,24,4.0
156,Cidreira,BR,2022-09-22 17:03:36,-30.1811,-50.2056,64.74,74,61,19.42
157,Domoni,KM,2022-09-22 17:04:49,-12.2569,44.5319,74.37,80,64,4.12
158,Meulaboh,ID,2022-09-22 17:04:49,4.1363,96.1285,77.47,83,100,4.88
159,Hovd,MN,2022-09-22 17:04:49,48.0056,91.6419,52.68,34,1,1.52
160,Lata,PT,2022-09-22 17:04:50,40.1629,-8.3327,78.93,39,60,7.36
161,Asau,RO,2022-09-22 17:04:50,46.4333,26.4,47.32,87,95,2.17
162,Stokmarknes,NO,2022-09-22 17:04:50,68.5646,14.9108,55.38,76,40,6.91
163,Asosa,ET,2022-09-22 17:02:23,10.0667,34.5333,61.95,96,79,2.8
164,Adrar,MR,2022-09-22 17:04:51,20.5022,-10.0711,96.75,29,82,13.13
165,Seoul,KR,2022-09-22 17:00:00,37.5683,126.9778,65.64,82,0,1.14
166,Jishou,CN,2022-09-22 17:04:51,28.3167,109.7167,65.88,93,100,2.68
167,Torbay,CA,2022-09-22 17:03:20,47.6666,-52.7314,61.75,96,100,18.41
168,Butaritari,KI,2022-09-22 17:04:52,3.0707,172.7902,79.48,80,100,6.91
169,Hailar,CN,2022-09-22 17:04:52,49.2,119.7,40.03,86,51,6.58
170,Saint-Pierre,RE,2022-09-22 17:04:53,-21.3393,55.4781,71.28,78,75,6.91
171,Kayerkan,RU,2022-09-22 17:04:53,69.3497,87.7602,32.74,99,100,2.46
172,Bubaque,GW,2022-09-22 17:04:53,11.2833,-15.8333,77.67,87,100,11.32
173,Quatre Cocos,MU,2022-09-22 17:04:54,-20.2078,57.7625,72.09,84,25,17.81
174,Mahajanga,MG,2022-09-22 17:04:54,-15.7167,46.3167,83.16,49,91,13.62
175,Ixtapa,MX,2022-09-22 17:00:16,20.7,-105.2,86.23,73,77,1.99
176,Severo-Kurilsk,RU,2022-09-22 17:04:54,50.6789,156.125,50.13,76,4,13.38
177,Sao Felix Do Xingu,BR,2022-09-22 17:04:55,-6.6447,-51.995,98.28,26,68,2.08
178,Nuuk,GL,2022-09-22 17:04:26,64.1835,-51.7216,50.61,76,75,36.82
179,Narsaq,GL,2022-09-22 17:03:16,60.9167,-46.05,46.62,75,99,3.49
180,Henties Bay,NA,2022-09-22 17:04:55,-22.116,14.2845,57.94,80,4,10.63
181,Ahuimanu,US,2022-09-22 17:04:56,21.4447,-157.8378,76.17,87,20,4.61
182,Broken Hill,AU,2022-09-22 17:04:56,-31.95,141.4333,55.29,78,27,6.69
183,Newport,GB,2022-09-22 17:05:40,51.5877,-2.9984,66.69,75,100,13.82
184,Aloleng,PH,2022-09-22 17:05:57,16.1307,119.7824,80.58,77,86,0.38
185,Nanortalik,GL,2022-09-22 17:05:57,60.1432,-45.2371,45.16,95,96,6.33
186,Bahir Dar,ET,2022-09-22 17:05:58,11.5936,37.3908,62.87,86,80,2.82
187,Wewak,PG,2022-09-22 17:05:58,-3.5534,143.6268,77.31,87,98,5.12
188,Hvide Sande,DK,2022-09-22 17:05:58,56.0045,8.1294,57.09,74,100,14.7
189,Rio Branco,BR,2022-09-22 17:05:03,-9.9747,-67.81,95.61,41,40,10.36
190,Certegui,CO,2022-09-22 17:11:02,5.3707,-76.6044,86.88,61,97,1.5
191,Batsfjord,NO,2022-09-22 17:11:03,70.6345,29.7185,49.78,93,100,2.3
192,Kavaratti,IN,2022-09-22 17:11:03,10.5669,72.642,81.48,74,20,9.57
193,Itoman,JP,2022-09-22 17:11:03,26.1247,127.6694,80.62,92,40,6.91
194,Iqaluit,CA,2022-09-22 17:11:04,63.7506,-68.5145,34.7,43,86,11.99
195,Dwarka,IN,2022-09-22 17:11:04,22.2394,68.9678,80.78,71,75,10.89
196,Urumqi,CN,2022-09-22 17:06:01,43.801,87.6005,67.15,24,0,8.95
197,Rio Gallegos,AR,2022-09-22 17:06:01,-51.6226,-69.2181,59.05,25,20,12.66
198,Aklavik,CA,2022-09-22 17:06:02,68.2191,-135.0107,37.24,94,100,9.55
199,Sao Filipe,CV,2022-09-22 17:06:02,14.8961,-24.4956,79.41,80,95,10.87
200,Eirunepe,BR,2022-09-22 17:06:02,-6.6603,-69.8736,101.3,31,91,1.74
201,Huarmey,PE,2022-09-22 17:06:03,-10.0681,-78.1522,68.27,69,72,12.77
202,Alofi,NU,2022-09-22 17:06:03,-19.0595,-169.9187,76.46,81,4,23.94
203,Provideniya,RU,2022-09-22 17:06:04,64.3833,-173.3,41.5,92,76,3.02
204,Half Moon Bay,US,2022-09-22 17:06:04,37.4636,-122.4286,71.06,100,0,9.22
205,Luzino,RU,2022-09-22 17:06:05,54.9481,73.0353,63.77,39,0,11.18
206,Constitucion,CL,2022-09-22 17:04:03,-35.3333,-72.4167,59.9,58,8,16.46
207,Laguna,US,2022-09-22 17:06:05,38.421,-121.4238,73.29,67,0,10.36
208,Thompson,CA,2022-09-22 17:03:03,55.7435,-97.8558,56.07,45,49,12.41
209,Hokitika,NZ,2022-09-22 17:06:06,-42.7167,170.9667,45.7,70,0,5.66
210,Lincoln,US,2022-09-22 17:05:40,40.8,-96.667,60.71,69,0,5.75
211,Prince Rupert,CA,2022-09-22 17:06:06,54.3161,-130.3201,51.89,100,100,5.75
212,Kvareli,GE,2022-09-22 17:06:07,41.9524,45.8151,70.11,58,73,4.94
213,Kununurra,AU,2022-09-22 17:06:07,-15.7667,128.7333,78.78,78,40,5.75
214,Sorada,IN,2022-09-22 17:06:08,19.75,84.4333,79.07,89,82,1.63
215,Pangnirtung,CA,2022-09-22 17:06:08,66.1451,-65.7125,33.19,56,23,3.13
216,Kingisepp,RU,2022-09-22 17:06:10,59.3733,28.6134,46.81,73,98,4.43
217,Nouakchott,MR,2022-09-22 17:06:10,18.0858,-15.9785,93.13,65,100,7.99
218,Mangan,IN,2022-09-22 17:06:11,27.5167,88.5333,72.5,89,98,3.74
219,Trairi,BR,2022-09-22 17:06:07,-3.2778,-39.2689,86.67,53,28,15.59
220,Lompoc,US,2022-09-22 17:06:11,34.6391,-120.4579,79.84,69,0,11.5
221,Dodge City,US,2022-09-22 17:06:02,37.7528,-100.0171,53.26,94,100,11.5
222,Yellowknife,CA,2022-09-22 17:06:12,62.456,-114.3525,53.56,76,98,5.01
223,Olafsvik,IS,2022-09-22 17:06:13,64.8945,-23.7142,44.53,78,93,16.51
224,Polunochnoye,RU,2022-09-22 17:06:13,60.8697,60.4153,40.71,69,52,2.84
225,Ocos,GT,2022-09-22 17:06:13,14.5094,-92.1933,84.38,79,100,1.32
226,Neenah,US,2022-09-22 17:06:14,44.1858,-88.4626,60.55,60,75,16.11
227,Puerto Ayora,EC,2022-09-22 17:06:14,-0.7393,-90.3518,75.16,92,89,5.99
228,Khromtau,KZ,2022-09-22 17:06:15,50.2503,58.4347,67.3,24,1,8.46
229,Mahibadhoo,MV,2022-09-22 17:12:09,3.7833,72.9667,82.36,72,80,7.78
230,Iquique,CL,2022-09-22 17:12:10,-20.2208,-70.1431,59.04,67,40,3.85
231,Kabare,CD,2022-09-22 17:12:10,-2.4683,28.8242,66.25,78,100,2.51
232,Dumabato,PH,2022-09-22 17:12:11,16.3167,121.7,70.54,95,98,0.96
233,Bodden Town,KY,2022-09-22 17:12:12,19.2833,-81.25,87.93,66,40,5.75
234,Kutum,SD,2022-09-22 17:12:12,14.2,24.6667,84.11,23,35,7.63
235,Gisborne,NZ,2022-09-22 17:12:12,-38.6533,178.0042,57.47,98,100,7.96
236,Chokurdakh,RU,2022-09-22 17:12:13,70.6333,147.9167,33.44,92,100,6.85
237,Ancud,CL,2022-09-22 17:12:13,-41.8697,-73.8203,53.22,95,100,3.09
238,Shemonaikha,KZ,2022-09-22 17:12:14,50.6328,81.9056,61.75,41,0,8.16
239,Labuhan,ID,2022-09-22 17:12:14,-6.8844,112.2051,79.18,81,87,6.17
240,Rawson,AR,2022-09-22 17:10:50,-43.3002,-65.1023,56.95,51,96,9.48
241,Port-Gentil,GA,2022-09-22 17:12:15,-0.7193,8.7815,80.56,78,40,14.97
242,Saldanha,ZA,2022-09-22 17:12:15,-33.0117,17.9442,57.6,77,100,9.35
243,Tessalit,ML,2022-09-22 17:12:16,20.1986,1.0114,101.57,11,83,12.15
244,Tahoua,NE,2022-09-22 17:12:16,14.8888,5.2692,99.34,20,28,9.55
245,Boa Vista,BR,2022-09-22 17:09:00,2.8197,-60.6733,91.38,46,40,9.22
246,Sulangan,PH,2022-09-22 17:08:53,11.1373,123.7228,82.17,79,100,7.65
247,Souillac,MU,2022-09-22 17:12:17,-20.5167,57.5167,71.98,83,75,12.66
248,Virginia Beach,US,2022-09-22 17:09:28,36.8529,-75.978,93.27,50,40,11.5
249,Matagami,CA,2022-09-22 17:12:17,49.7502,-77.6328,41.11,93,100,17.27
250,Kharp,RU,2022-09-22 17:12:18,66.8014,65.8081,36.0,75,67,21.99
251,Lumphat,KH,2022-09-22 17:12:18,13.4878,106.9816,73.74,100,100,1.32
252,Yacuiba,BO,2022-09-22 17:12:19,-22.038,-63.6797,66.97,45,75,11.5
253,Alihe,CN,2022-09-22 17:12:19,50.5667,123.7167,42.53,95,100,5.08
254,Tangzhai,CN,2022-09-22 17:12:20,34.4328,116.5911,68.16,27,21,17.81
255,Koslan,RU,2022-09-22 17:12:20,63.4564,48.8989,39.99,86,56,3.51
256,Tahta,EG,2022-09-22 17:12:20,26.7693,31.5021,92.35,21,0,7.94
257,Baruun-Urt,MN,2022-09-22 17:12:21,46.6806,113.2792,37.27,67,31,7.65
258,Namibe,AO,2022-09-22 17:12:21,-15.1961,12.1522,67.3,82,18,15.08
259,Eyl,SO,2022-09-22 17:12:21,7.9803,49.8164,78.04,80,17,19.08
260,Thunder Bay,CA,2022-09-22 17:09:20,48.4001,-89.3168,51.57,49,23,10.0
261,Norman Wells,CA,2022-09-22 17:12:22,65.282,-126.8329,44.64,87,75,0.0
262,Bairiki,KI,2022-09-22 17:12:23,1.3292,172.9752,80.6,83,75,5.75
263,Muli,MV,2022-09-22 17:12:23,2.9167,73.5667,83.07,71,46,10.31
264,Kailahun,SL,2022-09-22 17:12:23,8.2833,-10.5667,77.74,90,99,2.95
265,Tautira,PF,2022-09-22 17:12:24,-17.7333,-149.15,76.89,76,25,16.11
266,Nyurba,RU,2022-09-22 17:12:25,63.2842,118.3319,25.66,79,5,4.88
267,Wanning,CN,2022-09-22 17:12:25,18.8003,110.3967,77.38,88,99,2.59
268,Vardo,NO,2022-09-22 17:12:25,70.3705,31.1107,48.18,100,100,3.44
269,Garowe,SO,2022-09-22 17:12:26,8.4054,48.4845,84.6,48,79,21.41
270,Socorro,US,2022-09-22 17:09:29,31.6546,-106.3033,88.48,39,20,6.91
271,Tenenkou,ML,2022-09-22 17:13:27,14.4572,-4.9169,93.04,39,23,1.77
272,Peniche,PT,2022-09-22 17:13:27,39.3558,-9.3811,77.07,86,11,7.61
273,Kattivakkam,IN,2022-09-22 17:13:28,13.2167,80.3167,89.69,69,89,10.25
274,Takab,IR,2022-09-22 17:13:29,36.4009,47.1133,64.56,42,69,5.66
275,Manta,EC,2022-09-22 17:13:29,-0.95,-80.7333,76.78,69,100,6.91
276,Victoria,HK,2022-09-22 17:08:46,22.2855,114.1577,84.18,82,20,5.01
277,Ostrovnoy,RU,2022-09-22 17:13:30,68.0531,39.5131,46.36,95,100,3.91
278,Rovaniemi,FI,2022-09-22 17:13:31,66.5,25.7167,49.41,87,75,8.05
279,Camopi,GF,2022-09-22 17:13:31,3.1655,-52.3158,98.2,27,0,4.47
280,Gizo,SB,2022-09-22 17:13:31,-8.103,156.8419,80.24,76,64,5.79
281,Irati,BR,2022-09-22 17:13:32,-25.4672,-50.6511,62.35,81,93,5.91
282,Vao,NC,2022-09-22 17:13:32,-22.6667,167.4833,71.85,75,50,13.78
283,Lianran,CN,2022-09-22 17:13:32,24.9227,102.485,59.95,93,72,2.68
284,Rosaryville,US,2022-09-22 17:13:33,38.7568,-76.8097,74.64,85,100,12.66
285,Sribne,UA,2022-09-22 17:13:33,50.6638,32.9187,46.81,88,67,4.34
286,Sitka,US,2022-09-22 17:12:50,57.0531,-135.33,51.69,82,40,4.61
287,Dromolaxia,CY,2022-09-22 17:13:34,34.8761,33.586,78.46,65,20,11.99
288,Pisco,PE,2022-09-22 17:10:09,-13.7,-76.2167,66.25,68,0,8.05
289,Simplicio Mendes,BR,2022-09-22 17:13:34,-7.8539,-41.9103,102.33,21,1,4.07
290,Lavrentiya,RU,2022-09-22 17:13:34,65.5833,-171.0,41.97,96,100,2.68
291,Roma,US,2022-09-22 17:13:35,43.2128,-75.4557,64.54,64,0,18.41
292,Faya,SA,2022-09-22 17:13:35,18.3851,42.4509,68.52,52,64,2.89
293,Tiznit,MA,2022-09-22 17:13:36,29.5833,-9.5,79.16,37,1,7.7
294,Pipar,IN,2022-09-22 17:13:36,26.3856,73.5378,84.29,62,98,3.53
295,Cairns,AU,2022-09-22 17:13:36,-16.9167,145.7667,75.15,89,100,1.14
296,Paita,PE,2022-09-22 17:13:37,-5.0892,-81.1144,70.05,69,93,11.77
297,Yulara,AU,2022-09-22 17:13:37,-25.2406,130.9889,64.94,25,2,4.68
298,Mazagao,BR,2022-09-22 17:13:38,-0.115,-51.2894,95.05,38,0,5.61
299,Stabat,ID,2022-09-22 17:13:38,3.761,98.4513,79.0,93,96,2.39
300,Yamada,JP,2022-09-22 17:13:38,39.4667,141.95,66.92,94,100,2.59
301,Chake Chake,TZ,2022-09-22 17:13:39,-5.2459,39.7666,73.38,79,70,9.98
302,Sao Raimundo Nonato,BR,2022-09-22 17:13:39,-9.0153,-42.6994,98.71,23,3,5.06
303,Abu Samrah,SY,2022-09-22 17:13:40,35.3029,37.1841,72.68,57,0,16.37
304,Portland,US,2022-09-22 17:12:38,45.5234,-122.6762,65.44,79,100,5.01
305,Andros Town,BS,2022-09-22 17:13:40,24.7,-77.7667,87.76,60,1,11.05
306,Luanda,AO,2022-09-22 17:13:41,-8.8368,13.2343,75.2,78,40,9.22
307,Mkushi,ZM,2022-09-22 17:13:41,-13.6202,29.3939,75.47,27,6,4.65
308,Tunceli,TR,2022-09-22 17:13:42,39.1083,39.5471,68.23,47,66,3.44
309,Clyde River,CA,2022-09-22 17:13:42,70.4692,-68.5914,30.43,74,100,6.91
310,Pochutla,MX,2022-09-22 17:13:43,15.7432,-96.4661,84.81,70,47,4.09
311,Port Hawkesbury,CA,2022-09-22 17:13:43,45.6169,-61.3485,68.92,85,100,10.36
312,Gorom-Gorom,BF,2022-09-22 17:13:43,14.4439,-0.2361,98.49,28,39,10.87
313,Kloulklubed,PW,2022-09-22 17:13:44,7.0419,134.2556,83.59,73,95,8.99
314,Caceres,ES,2022-09-22 17:13:45,39.522,-6.3748,85.71,24,12,8.28
315,Garissa,KE,2022-09-22 17:13:45,-0.4536,39.6401,83.16,42,84,23.47
316,Shaunavon,CA,2022-09-22 17:13:46,49.6501,-108.4181,42.58,38,94,20.02
317,Wundanyi,KE,2022-09-22 17:14:46,-3.4019,38.364,62.98,59,73,9.19
318,Broome,US,2022-09-22 17:14:46,42.2506,-75.833,65.46,67,75,16.11
319,Victor Harbor,AU,2022-09-22 17:14:47,-35.5667,138.6167,50.68,93,49,4.88
320,Hualmay,PE,2022-09-22 17:14:47,-11.0964,-77.6139,66.49,68,43,11.9
321,Eureka,US,2022-09-22 17:11:11,40.8021,-124.1637,62.62,86,0,4.0
322,Hithadhoo,MV,2022-09-22 17:14:48,-0.6,73.0833,82.76,69,11,11.56
323,Ascension,US,2022-09-22 17:14:48,30.2169,-90.9001,95.11,55,0,5.75
324,Hami,CN,2022-09-22 17:14:48,42.8,93.45,71.46,12,3,5.64
325,Umm Kaddadah,SD,2022-09-22 17:14:49,13.6017,26.6876,93.74,16,56,8.86
326,Yar-Sale,RU,2022-09-22 17:14:49,66.8333,70.8333,37.63,63,99,25.26
327,Ulaangom,MN,2022-09-22 17:14:49,49.9811,92.0667,50.58,56,11,1.92
328,Petropavlovsk-Kamchatskiy,RU,2022-09-22 17:14:50,53.0452,158.6483,50.59,71,40,6.71
329,Huambo,AO,2022-09-22 17:14:50,-12.7761,15.7392,78.26,26,91,3.38
330,Conde,BR,2022-09-22 17:14:51,-7.2597,-34.9075,85.46,54,40,11.5
331,Ranong,TH,2022-09-22 17:14:51,9.9658,98.6348,77.65,89,95,7.2
332,Surt,LY,2022-09-22 17:14:51,31.2089,16.5887,79.47,66,29,14.65
333,Caohai,CN,2022-09-22 17:14:52,26.8661,104.2841,52.65,96,100,3.09
334,Kamaishi,JP,2022-09-22 17:14:52,39.2667,141.8833,67.44,94,100,2.57
335,Fort Nelson,CA,2022-09-22 17:14:52,58.8053,-122.7002,62.53,50,11,2.37
336,Buraydah,SA,2022-09-22 17:14:53,26.326,43.975,93.65,12,11,7.25
337,Yenagoa,NG,2022-09-22 17:12:31,4.9247,6.2642,74.23,96,100,8.52
338,Zholymbet,KZ,2022-09-22 17:14:53,51.7433,71.7122,68.77,49,3,5.01
339,Namatanai,PG,2022-09-22 17:14:54,-3.6667,152.4333,77.29,81,17,2.89
340,Knysna,ZA,2022-09-22 17:14:54,-34.0363,23.0471,60.08,74,88,5.66
341,Pouembout,NC,2022-09-22 17:14:54,-21.1333,164.9,68.85,88,65,4.47
342,Asyut,EG,2022-09-22 17:10:15,27.181,31.1837,91.0,23,0,7.31
343,Seybaplaya,MX,2022-09-22 17:14:55,19.65,-90.6667,85.46,80,9,6.13
344,Mawlamyine,MM,2022-09-22 17:14:55,16.4914,97.6256,77.97,87,94,4.16
345,Plainview,US,2022-09-22 17:14:56,40.7765,-73.4673,72.48,90,100,11.5
346,Naze,JP,2022-09-22 17:14:56,28.3667,129.4833,77.92,87,29,9.71
347,Jesus Maria,AR,2022-09-22 17:14:56,-30.9815,-64.0942,72.79,14,0,5.59
348,Varhaug,NO,2022-09-22 17:14:57,58.6147,5.6457,58.89,91,100,20.31
349,Pangkalanbuun,ID,2022-09-22 17:14:57,-2.6833,111.6167,74.77,96,65,1.68
350,Waipawa,NZ,2022-09-22 17:14:58,-41.4122,175.5153,48.63,95,100,14.16
351,Ambilobe,MG,2022-09-22 17:14:58,-13.2,49.05,74.55,63,24,8.59
352,Lidkoping,SE,2022-09-22 17:14:58,58.5052,13.1577,57.22,80,100,8.52
353,Gat,IL,2022-09-22 17:14:59,31.61,34.7642,78.82,100,0,4.76
354,Marawi,PH,2022-09-22 17:14:59,7.9986,124.2928,68.99,93,99,2.37
355,Tuatapere,NZ,2022-09-22 17:14:59,-46.1333,167.6833,43.54,88,96,2.98
356,Maningrida,AU,2022-09-22 17:15:00,-12.0667,134.2667,76.66,89,94,4.76
357,Qaracala,AZ,2022-09-22 17:11:07,39.8132,48.9523,80.69,57,99,6.31
358,Zhaotong,CN,2022-09-22 17:15:00,27.3167,103.7167,54.61,95,100,4.18
359,Kibala,TD,2022-09-22 17:15:00,9.1104,18.3463,77.52,85,56,3.91
360,Pucallpa,PE,2022-09-22 17:15:01,-8.3791,-74.5539,93.24,49,40,8.05
361,Riyadh,SA,2022-09-22 17:15:01,24.6877,46.7219,95.14,13,1,8.43
362,Piuma,BR,2022-09-22 17:15:02,-20.8378,-40.7219,81.41,70,87,9.93
363,Cody,US,2022-09-22 17:15:02,44.5263,-109.0565,66.42,64,20,6.91
364,Anse-Bertrand,GP,2022-09-22 17:16:02,16.4721,-61.5078,85.82,100,99,18.43
365,Khasan,RU,2022-09-22 17:16:03,42.4308,130.6434,63.27,75,83,14.25
366,San Juan De La Maguana,DO,2022-09-22 17:15:12,18.8059,-71.2299,85.71,61,98,8.55
367,Tecoanapa,MX,2022-09-22 17:16:03,16.5167,-98.75,83.48,69,98,3.76
368,Petawawa,CA,2022-09-22 17:16:04,45.9001,-77.3328,53.19,71,75,12.66
369,Esperance,AU,2022-09-22 17:16:04,-33.8667,121.9,48.56,68,14,8.61
370,Oranjemund,NA,2022-09-22 17:16:05,-28.55,16.4333,57.81,76,7,7.58
371,Hargeysa,SO,2022-09-22 17:16:05,9.56,44.065,75.99,55,88,18.07
372,Camapua,BR,2022-09-22 17:16:06,-19.5314,-54.0439,77.59,65,84,12.77
373,Kharitonovo,RU,2022-09-22 17:16:06,61.4009,47.4978,46.6,79,96,3.96
374,Faanui,PF,2022-09-22 17:16:07,-16.4833,-151.75,78.1,76,5,20.0
375,Campos,BR,2022-09-22 17:13:51,-21.75,-41.3,86.05,54,0,0.0
376,Sao Gabriel Da Cachoeira,BR,2022-09-22 17:16:07,-0.1303,-67.0892,98.65,33,6,2.55
377,Aykhal,RU,2022-09-22 17:16:08,66.0,111.5,13.32,93,61,5.01
378,Port Macquarie,AU,2022-09-22 17:16:08,-31.4333,152.9167,60.69,94,75,8.05
379,Alice Springs,AU,2022-09-22 17:16:08,-23.7,133.8833,54.95,44,0,5.75
380,Agadez,NE,2022-09-22 17:16:09,19.75,10.25,98.92,11,2,7.34
381,Katobu,ID,2022-09-22 17:16:09,-4.9408,122.5276,73.26,96,100,1.92
382,Shelburne,CA,2022-09-22 17:12:31,44.0787,-80.2041,52.25,96,100,14.5
383,Silver City,US,2022-09-22 17:16:10,32.7701,-108.2803,81.68,47,0,9.22
384,Wasilla,US,2022-09-22 17:13:38,61.5814,-149.4394,41.95,94,0,6.91
385,Jiutai,CN,2022-09-22 17:16:11,44.1525,125.8328,55.74,88,93,7.63
386,Bafq,IR,2022-09-22 17:16:11,31.6128,55.4107,85.64,13,0,8.32
387,Saint-Joseph,RE,2022-09-22 17:16:11,-21.3667,55.6167,70.18,81,19,13.18
388,Road Town,VG,2022-09-22 17:14:21,18.4167,-64.6167,87.89,79,40,12.66
389,Vanimo,PG,2022-09-22 17:16:12,-2.6741,141.3028,77.05,89,93,1.95
390,Limbang,MY,2022-09-22 17:16:13,4.75,115.0,78.91,98,75,1.25
391,Caravelas,BR,2022-09-22 17:16:13,-17.7125,-39.2481,81.54,64,13,13.15
392,Pemangkat,ID,2022-09-22 17:16:14,1.1667,108.9667,80.37,78,100,6.24
393,Dunedin,NZ,2022-09-22 17:15:33,-45.8742,170.5036,46.8,85,25,1.01
394,Mount Gambier,AU,2022-09-22 17:16:15,-37.8333,140.7667,44.51,100,75,0.0
395,Pundaguitan,PH,2022-09-22 17:16:15,6.3711,126.1689,83.71,73,91,8.01
396,Fort Collins,US,2022-09-22 17:14:26,40.5853,-105.0844,52.66,92,100,3.44
397,Kuryk,KZ,2022-09-22 17:16:16,43.2,51.65,81.03,27,66,9.17
398,Umiray,PH,2022-09-22 17:16:16,15.2206,121.4111,78.57,86,93,2.89
399,La Cruz,MX,2022-09-22 17:16:17,23.9167,-106.9,84.74,74,74,2.3
400,Cochrane,CA,2022-09-22 17:15:05,51.1834,-114.4687,59.27,52,0,0.0
401,Pieszyce,PL,2022-09-22 17:16:18,50.7129,16.5823,51.51,94,16,2.06
402,Keetmanshoop,NA,2022-09-22 17:16:18,-26.5833,18.1333,73.02,8,0,19.13
403,Acari,PE,2022-09-22 17:16:18,-15.4311,-74.6158,73.24,50,95,10.78
404,Bathsheba,BB,2022-09-22 17:16:19,13.2167,-59.5167,88.41,70,20,14.97
405,Ust-Ilimsk,RU,2022-09-22 17:16:19,58.0006,102.6619,43.93,99,100,5.14
406,Salalah,OM,2022-09-22 17:11:23,17.0151,54.0924,80.69,89,75,6.91
407,Koutsouras,GR,2022-09-22 17:16:20,35.0339,25.9469,72.1,55,73,12.48
408,Tsiroanomandidy,MG,2022-09-22 17:16:21,-18.7667,46.0333,74.66,42,74,7.25
409,Cefalu,IT,2022-09-22 17:16:21,38.0386,14.0229,72.54,61,98,1.99
410,Jaguaribe,BR,2022-09-22 17:16:21,-5.8906,-38.6219,97.99,27,23,6.55
411,Mora,CM,2022-09-22 17:17:22,11.0461,14.1401,77.9,81,74,5.32
412,Opuwo,NA,2022-09-22 17:17:22,-18.0607,13.84,82.29,14,4,10.63
413,Kouqian,CN,2022-09-22 17:15:16,43.6391,126.4578,53.71,91,100,5.79
414,Chauk,MM,2022-09-22 17:17:24,20.8833,94.8167,82.8,76,99,5.19
415,Marsa Matruh,EG,2022-09-22 17:17:24,31.3525,27.2453,76.89,70,12,14.47
416,San Antonio,US,2022-09-22 17:14:07,29.4241,-98.4936,95.11,46,0,3.44
417,Poya,NC,2022-09-22 17:17:25,-21.35,165.15,69.24,86,48,3.78
418,Apac,UG,2022-09-22 17:17:25,1.9756,32.5386,66.06,91,75,3.4
419,Tutoia,BR,2022-09-22 17:17:26,-2.7619,-42.2744,84.34,61,30,15.32
420,Hambantota,LK,2022-09-22 17:17:27,6.1241,81.1185,80.56,77,94,15.97
421,Guanhaes,BR,2022-09-22 17:17:27,-18.775,-42.9325,78.53,59,99,2.84
422,Bandarbeyla,SO,2022-09-22 17:17:27,9.4942,50.8122,78.78,81,20,27.11
423,Juruti,BR,2022-09-22 17:17:28,-2.1522,-56.0922,99.93,26,6,6.42
424,Abasolo,MX,2022-09-22 17:17:28,20.45,-101.5167,72.3,44,70,7.92
425,Sergeyevka,KZ,2022-09-22 17:17:29,53.88,67.4158,62.2,28,87,6.98
426,Pingliang,CN,2022-09-22 17:17:29,35.5392,106.6861,56.86,39,100,1.03
427,Mudgee,AU,2022-09-22 17:17:30,-32.5943,149.5871,50.79,97,74,3.74
428,Luwingu,ZM,2022-09-22 17:17:30,-10.2621,29.9271,75.31,19,9,4.32
429,Leninskoye,KZ,2022-09-22 17:17:31,41.7589,69.3864,71.44,21,0,4.5
430,Monroe,US,2022-09-22 17:17:31,43.1501,-77.6831,62.65,76,75,20.71
431,Nizwa,OM,2022-09-22 17:17:32,22.9333,57.5333,89.49,35,94,10.85
432,Itarema,BR,2022-09-22 17:17:32,-2.9248,-39.9167,86.68,54,37,18.75
433,Port Hardy,CA,2022-09-22 17:17:32,50.6996,-127.4199,51.8,93,75,3.44
434,Elizabeth City,US,2022-09-22 17:17:33,36.2946,-76.2511,93.04,53,0,16.11
435,Llata,PE,2022-09-22 17:17:33,-9.4167,-76.7833,68.09,42,22,10.94
436,Natitingou,BJ,2022-09-22 17:17:34,10.3042,1.3796,77.86,84,55,3.27
437,Itaituba,BR,2022-09-22 17:17:34,-4.2761,-55.9836,93.36,55,20,9.22
438,Saint-Georges,GD,2022-09-22 17:17:34,12.0564,-61.7485,83.88,79,40,21.85
439,Carupano,VE,2022-09-22 17:17:35,10.6678,-63.2585,87.78,58,96,10.25
440,Coquimbo,CL,2022-09-22 17:17:35,-29.9533,-71.3436,65.93,45,0,12.66
441,Kirensk,RU,2022-09-22 17:17:35,57.7853,108.1119,40.98,95,100,10.69
442,Villa Guerrero,MX,2022-09-22 17:17:36,18.8667,-99.65,69.42,63,73,3.94
443,Roald,NO,2022-09-22 17:17:36,62.5833,6.1333,59.16,77,75,4.61
444,Paamiut,GL,2022-09-22 17:17:36,61.994,-49.6678,44.1,88,100,16.8
445,Kangaatsiaq,GL,2022-09-22 17:17:37,68.3065,-53.4641,35.37,79,100,6.53
446,Chernyy Yar,RU,2022-09-22 17:17:37,48.0624,46.1091,70.61,65,100,13.13
447,Novyy Urengoy,RU,2022-09-22 17:17:37,66.0833,76.6333,34.29,92,100,30.42
448,Vestmannaeyjar,IS,2022-09-22 17:16:08,63.4427,-20.2734,49.19,87,75,14.97
449,Stulovo,RU,2022-09-22 17:17:38,58.7225,50.1439,50.67,88,100,6.87
450,Khor,RU,2022-09-22 17:17:38,47.8861,134.9464,49.77,81,34,5.3
451,Okitipupa,NG,2022-09-22 17:17:39,6.5047,4.7839,78.08,85,99,4.27
452,Kenai,US,2022-09-22 17:17:39,60.5544,-151.2583,44.1,85,75,5.75
453,Ovalle,CL,2022-09-22 17:17:39,-30.5983,-71.2003,81.63,8,0,5.28
454,Beyneu,KZ,2022-09-22 17:17:40,45.3167,55.2,76.84,13,0,16.49
455,Nantucket,US,2022-09-22 17:17:40,41.2835,-70.0995,77.11,64,75,23.02
456,Torit,SS,2022-09-22 17:17:40,4.4133,32.5678,72.18,91,100,2.15
457,Sudbury,CA,2022-09-22 17:17:41,46.49,-80.99,49.05,62,100,11.01
458,Banapur,IN,2022-09-22 17:18:41,19.7833,85.1833,81.37,88,36,7.31
459,Tokur,RU,2022-09-22 17:18:42,53.1333,132.9,40.01,97,100,3.94
460,Erenhot,CN,2022-09-22 17:18:42,43.6475,111.9767,44.22,35,0,10.74
461,Christchurch,NZ,2022-09-22 17:17:06,-43.5333,172.6333,46.9,84,75,5.75
462,Eseka,CM,2022-09-22 17:18:43,3.65,10.7667,72.57,99,100,2.73
463,Manado,ID,2022-09-22 17:18:43,1.487,124.8455,74.17,100,20,2.3
464,Sibiti,CG,2022-09-22 17:18:43,-3.6819,13.3499,80.1,58,98,3.56
465,Santokhgarh,IN,2022-09-22 17:18:44,31.3667,76.3167,75.96,78,49,3.83
466,Chama,CH,2022-09-22 17:18:44,47.1821,8.4636,60.96,76,0,2.57
467,Zhicheng,CN,2022-09-22 17:18:44,30.2956,111.5047,72.45,70,99,2.71
468,Sinnamary,GF,2022-09-22 17:18:45,5.3833,-52.95,86.72,61,0,12.15
469,Isangel,VU,2022-09-22 17:18:45,-19.55,169.2667,74.39,78,54,4.52
470,Udachnyy,RU,2022-09-22 17:18:45,66.4167,112.4,17.46,85,50,5.1
471,Korem,ET,2022-09-22 17:18:46,12.5058,39.5228,59.0,62,97,3.53
472,Wamba,NG,2022-09-22 17:18:46,8.9333,8.6,78.58,84,46,2.86
473,Ushtobe,KZ,2022-09-22 17:18:46,45.2514,77.9838,66.07,27,3,2.86
474,Daru,PG,2022-09-22 17:18:47,-9.0763,143.2092,77.9,87,99,9.51
475,Bardiyah,LY,2022-09-22 17:18:47,31.7561,25.0865,76.44,61,0,13.13
476,Mizdah,LY,2022-09-22 17:18:47,31.4451,12.9801,82.98,38,44,15.35
477,Tabuk,PH,2022-09-22 17:18:48,17.4189,121.4443,72.93,94,45,2.62
478,Kirillov,RU,2022-09-22 17:18:48,59.863,38.3813,45.7,89,77,3.71
479,Cabo San Lucas,MX,2022-09-22 17:13:50,22.8909,-109.9124,88.61,72,0,4.61
480,Rognan,NO,2022-09-22 17:18:49,67.0953,15.3878,57.88,77,100,7.87
481,Belyy Yar,RU,2022-09-22 17:18:49,53.6039,91.3903,48.09,81,0,4.47
482,Kaitangata,NZ,2022-09-22 17:18:49,-46.2817,169.8464,42.58,95,26,2.59
483,Zyryanka,RU,2022-09-22 17:18:50,65.75,150.85,32.74,96,100,24.23
484,Korcula,HR,2022-09-22 17:18:50,42.9622,17.1369,66.81,52,1,16.04
485,Reshetylivka,UA,2022-09-22 17:18:50,49.565,34.0782,53.56,61,100,3.0
486,Preobrazheniye,RU,2022-09-22 17:18:51,42.9019,133.9064,55.0,74,100,6.11
487,Marquette,US,2022-09-22 17:17:56,46.5333,-87.6335,50.83,69,77,13.76
488,Maloy,NO,2022-09-22 17:18:51,61.9353,5.1136,54.73,1,100,19.71
489,Axim,GH,2022-09-22 17:18:52,4.8699,-2.2405,77.49,83,100,7.31
490,Taltal,CL,2022-09-22 17:18:52,-25.4,-70.4833,63.41,58,9,5.19
491,Kvarkeno,RU,2022-09-22 17:18:52,52.0833,59.725,65.62,25,79,8.5
492,Halifax,CA,2022-09-22 17:15:57,44.6453,-63.5724,64.89,77,100,17.27
493,Omsukchan,RU,2022-09-22 17:18:53,62.5333,155.8,28.99,88,100,26.44
494,Lisakovsk,KZ,2022-09-22 17:18:53,52.5369,62.4936,65.82,23,33,6.24
495,Ahtopol,BG,2022-09-22 17:18:53,42.1,27.95,60.39,54,70,6.51
496,Sept-Iles,CA,2022-09-22 17:18:54,50.2001,-66.3821,52.32,96,100,9.22
497,Isabela,PH,2022-09-22 17:18:54,6.7085,121.9711,78.85,85,99,2.59
498,Chara,RU,2022-09-22 17:18:55,56.9064,118.2631,36.27,77,100,0.16
499,Puteyets,RU,2022-09-22 17:18:55,65.1716,57.091,42.53,79,98,9.73
500,Dawlatabad,AF,2022-09-22 17:18:56,36.4141,64.9053,77.67,18,0,3.76
501,Goderich,CA,2022-09-22 17:18:40,43.7501,-81.7165,57.9,62,100,21.85
502,Puerto Escondido,MX,2022-09-22 17:18:56,15.85,-97.0667,83.23,61,75,5.75
503,Calvinia,ZA,2022-09-22 17:18:56,-31.4707,19.776,52.93,41,72,10.89
504,Ulladulla,AU,2022-09-22 17:18:57,-35.35,150.4667,55.76,95,99,10.56
505,Yumen,CN,2022-09-22 17:18:57,40.2833,97.2,59.86,17,100,15.48
506,Hasaki,JP,2022-09-22 17:18:57,35.7333,140.8333,68.29,96,100,15.84
507,Kavieng,PG,2022-09-22 17:19:58,-2.5744,150.7967,79.83,75,57,6.22
508,Cockburn Town,TC,2022-09-22 17:19:58,21.4612,-71.1419,82.6,79,29,12.75
509,Komsomolskiy,UZ,2022-09-22 17:19:59,40.4272,71.7189,72.32,40,0,6.91
510,Katangli,RU,2022-09-22 17:19:59,51.7102,143.2326,47.62,90,73,4.36
511,Lixourion,GR,2022-09-22 17:19:59,38.2019,20.4314,69.8,46,20,11.5
512,Plettenberg Bay,ZA,2022-09-22 17:20:00,-34.0527,23.3716,60.13,74,91,5.61
513,Ilula,TZ,2022-09-22 17:20:00,-7.6766,36.0366,65.1,55,89,6.93
514,Nakamura,JP,2022-09-22 17:20:00,32.9833,132.9333,74.07,97,100,4.68
515,Qeshm,IR,2022-09-22 17:20:01,26.9581,56.2719,89.49,80,0,9.46
516,Shimoda,JP,2022-09-22 17:20:01,34.6667,138.95,68.11,93,100,15.05
517,Akyab,MM,2022-09-22 17:20:02,20.15,92.9,80.83,84,82,5.17
518,Porto Novo,BJ,2022-09-22 17:17:53,6.4965,2.6036,79.23,81,88,8.16
519,Sioux Lookout,CA,2022-09-22 17:20:02,50.1001,-91.917,48.27,61,40,3.44
520,Aquiraz,BR,2022-09-22 17:15:54,-3.9014,-38.3911,87.89,58,72,13.6
521,Kawalu,ID,2022-09-22 17:20:03,-7.3817,108.2082,72.16,97,95,1.68
522,Vestmanna,FO,2022-09-22 17:20:03,62.1564,-7.1664,50.92,87,75,12.66
523,Kafanchan,NG,2022-09-22 17:20:04,9.5833,8.3,73.58,87,87,3.22
524,Grand Gaube,MU,2022-09-22 17:20:05,-20.0064,57.6608,72.37,72,2,10.0
525,Fairbanks,US,2022-09-22 17:20:05,64.8378,-147.7164,39.6,96,100,4.61
526,Beloha,MG,2022-09-22 17:16:30,-25.1667,45.05,75.6,55,0,8.48
527,Leningradskiy,RU,2022-09-22 17:20:06,69.3833,178.4167,36.84,98,100,21.05
528,Sibolga,ID,2022-09-22 17:20:06,1.7427,98.7792,74.73,75,87,3.4
529,Cooma,AU,2022-09-22 17:20:07,-36.2333,149.1333,47.97,100,75,5.75
530,Kalmunai,LK,2022-09-22 17:20:07,7.4167,81.8167,82.15,78,85,5.39
531,College,US,2022-09-22 17:16:31,64.8569,-147.8028,39.58,96,100,4.61
532,Bridgewater,CA,2022-09-22 17:20:08,44.3835,-64.5155,66.67,80,96,18.41
533,Chimbote,PE,2022-09-22 17:20:08,-9.0853,-78.5783,66.33,71,93,11.23
534,Yeppoon,AU,2022-09-22 17:20:09,-23.1333,150.7333,65.98,75,0,4.94
535,San Cristobal,VE,2022-09-22 17:20:09,7.7669,-72.225,71.78,51,100,3.02
536,Vidim,RU,2022-09-22 17:20:09,56.4088,103.1106,43.63,98,100,6.08
537,Port Hedland,AU,2022-09-22 17:20:10,-20.3167,118.5667,66.25,77,0,4.61
538,Mtwara,TZ,2022-09-22 17:20:10,-10.2667,40.1833,74.34,79,14,10.76
539,Kahului,US,2022-09-22 17:16:44,20.8947,-156.47,79.84,73,20,7.0
540,Piacabucu,BR,2022-09-22 17:20:11,-10.4056,-36.4344,80.76,71,30,12.46
541,Talaya,RU,2022-09-22 17:20:11,61.3833,152.75,23.63,87,100,4.52
542,Lamas,PE,2022-09-22 17:18:29,-6.4167,-76.5333,84.67,35,61,3.18
543,Tommot,RU,2022-09-22 17:20:12,58.9564,126.2925,29.84,97,100,1.59
544,Chuy,UY,2022-09-22 17:20:13,-33.6971,-53.4616,53.37,73,100,13.27
545,Hobyo,SO,2022-09-22 17:20:13,5.3505,48.5268,76.73,88,69,21.36
546,Rodnykove,UA,2022-09-22 17:20:13,45.043,33.9541,51.76,75,100,9.86
547,Seymchan,RU,2022-09-22 17:20:14,62.8833,152.4333,33.53,84,100,5.03
548,Sooke,CA,2022-09-22 17:20:14,48.3746,-123.7276,64.56,69,0,18.41
549,Carnduff,CA,2022-09-22 17:20:15,49.1667,-101.8009,56.37,43,89,15.3
550,Ayni,TJ,2022-09-22 17:20:15,39.3941,68.5377,65.64,36,0,2.26
551,Monrovia,LR,2022-09-22 17:15:27,6.3005,-10.7969,80.22,75,62,7.14
552,Marsh Harbour,BS,2022-09-22 17:20:15,26.5412,-77.0636,83.8,70,2,12.17
553,Aswan,EG,2022-09-22 17:20:16,24.0934,32.907,91.85,15,0,11.63
554,Kyzyl,RU,2022-09-22 17:21:16,51.7,94.45,53.29,41,69,3.58
555,Gogrial,SS,2022-09-22 17:21:17,8.5332,28.1004,77.61,73,63,1.34
556,Tubuala,PA,2022-09-22 17:21:17,9.5167,-79.0333,83.93,72,99,8.77
557,Najran,SA,2022-09-22 17:21:18,17.4924,44.1277,88.45,14,99,7.74
558,Pascagoula,US,2022-09-22 17:21:18,30.3658,-88.5561,95.72,49,0,3.44
559,Salta,AR,2022-09-22 17:21:01,-24.7859,-65.4117,67.57,40,40,5.01
560,Kendari,ID,2022-09-22 17:21:18,-3.945,122.4989,72.84,96,99,3.29
561,Haines Junction,CA,2022-09-22 17:21:19,60.7522,-137.5108,49.95,40,46,4.61
562,Santa Rosa,PH,2022-09-22 17:17:51,14.3122,121.1114,78.78,93,90,4.34
563,Talnakh,RU,2022-09-22 17:21:20,69.4865,88.3972,34.21,99,100,3.44
564,Bantry,IE,2022-09-22 17:21:20,51.6833,-9.45,62.78,73,11,9.75
565,La Asuncion,VE,2022-09-22 17:21:20,11.0333,-63.8628,92.93,59,92,11.5
566,Buncrana,IE,2022-09-22 17:21:21,55.1333,-7.45,60.57,81,16,9.48
567,Delano,US,2022-09-22 17:21:21,35.7688,-119.247,70.25,55,0,0.0
568,Kano,NG,2022-09-22 17:21:21,12.0001,8.5167,87.17,48,45,5.82
569,Yenangyaung,MM,2022-09-22 17:21:22,20.4667,94.8833,80.65,79,98,4.85
570,Dolores,AR,2022-09-22 17:21:22,-36.3132,-57.6792,62.24,36,37,10.09
571,Moranbah,AU,2022-09-22 17:21:23,-22.0016,148.0466,64.36,48,4,6.38
572,Port-Cartier,CA,2022-09-22 17:21:23,50.0334,-66.8654,52.02,99,100,3.38
573,Birchis,RO,2022-09-22 17:21:23,45.9667,22.1667,48.9,79,66,2.73
574,Sisimiut,GL,2022-09-22 17:21:24,66.9395,-53.6735,37.47,98,100,2.35
