City_ID,City,Country,Date,Lat,Lng,Max Temp,Humidity,Cloudiness,Wind Speed,Weather Description
0,Severo-Kurilsk,RU,2022-09-25 03:13:20,50.6789,156.125,51.82,97,100,19.13,light rain
1,Chegutu,ZW,2022-09-25 03:13:21,-18.1302,30.1407,64.56,53,2,6.96,clear sky
2,Atar,MR,2022-09-25 03:13:21,20.5169,-13.0499,87.8,49,99,6.02,overcast clouds
3,Lorengau,PG,2022-09-25 03:13:22,-2.0226,147.2712,86.47,64,29,11.61,moderate rain
4,Bazarnyye Mataki,RU,2022-09-25 03:13:22,54.8833,49.9333,50.2,76,100,1.86,overcast clouds
5,Hobart,AU,2022-09-25 03:13:23,-42.8794,147.3294,61.27,60,75,9.22,broken clouds
6,Yakeshi,CN,2022-09-25 03:13:23,49.2833,120.7333,58.37,36,37,14.63,scattered clouds
7,Kapaa,US,2022-09-25 03:13:24,22.0752,-159.319,84.18,71,0,8.05,clear sky
8,Bathsheba,BB,2022-09-25 03:13:24,13.2167,-59.5167,81.21,89,40,12.66,scattered clouds
9,Mataura,NZ,2022-09-25 03:13:25,-46.1927,168.8643,61.5,58,100,5.12,overcast clouds
10,Talnakh,RU,2022-09-25 03:13:25,69.4865,88.3972,28.98,77,95,3.06,overcast clouds
11,Busselton,AU,2022-09-25 03:13:25,-33.65,115.3333,59.72,61,48,8.93,scattered clouds
12,Punta Arenas,CL,2022-09-25 03:09:23,-53.15,-70.9167,37.51,65,100,11.5,overcast clouds
13,Constitucion,CL,2022-09-25 03:13:26,-35.3333,-72.4167,50.65,88,90,2.84,overcast clouds
14,Butaritari,KI,2022-09-25 03:13:27,3.0707,172.7902,81.95,67,28,9.17,scattered clouds
15,Nikolskoye,RU,2022-09-25 03:13:27,59.7035,30.7861,45.79,89,100,9.15,light rain
16,Bredasdorp,ZA,2022-09-25 03:13:27,-34.5322,20.0403,53.24,96,100,2.59,overcast clouds
17,Ribeira Grande,PT,2022-09-25 03:13:28,38.5167,-28.7,72.59,78,92,23.04,overcast clouds
18,Kon Tum,VN,2022-09-25 03:13:28,14.35,108.0,72.05,97,100,1.52,overcast clouds
19,Ngunguru,NZ,2022-09-25 03:13:29,-35.6167,174.5,60.22,76,4,10.76,clear sky
20,Hami,CN,2022-09-25 03:13:29,42.8,93.45,78.94,10,0,9.33,clear sky
21,Tuktoyaktuk,CA,2022-09-25 03:13:30,69.4541,-133.0374,32.0,80,100,12.66,overcast clouds
22,Vaini,TO,2022-09-25 03:13:30,-21.2,-175.2,77.16,88,75,8.05,broken clouds
23,Maarianhamina,AX,2022-09-25 03:13:31,60.0973,19.9348,48.06,100,100,1.14,fog
24,Necochea,AR,2022-09-25 03:13:31,-38.5473,-58.7368,49.64,88,91,5.48,overcast clouds
25,Maldonado,UY,2022-09-25 03:13:31,-34.6667,-54.9167,53.22,79,100,6.33,overcast clouds
26,Rikitea,PF,2022-09-25 03:13:32,-23.1203,-134.9692,70.14,67,87,16.84,overcast clouds
27,Eyl,SO,2022-09-25 03:13:32,7.9803,49.8164,76.66,79,91,13.91,overcast clouds
28,Kavieng,PG,2022-09-25 03:13:33,-2.5744,150.7967,85.19,64,85,14.23,overcast clouds
29,La Rioja,ES,2022-09-25 03:13:33,42.25,-2.5,40.78,92,3,4.09,clear sky
30,Verkhnevilyuysk,RU,2022-09-25 03:13:33,63.4453,120.3167,35.6,92,100,4.0,overcast clouds
31,Hasaki,JP,2022-09-25 03:13:34,35.7333,140.8333,81.28,71,66,22.84,broken clouds
32,Kolokani,ML,2022-09-25 03:13:34,13.5728,-8.0339,76.73,72,81,4.92,broken clouds
33,Dikson,RU,2022-09-25 03:13:35,73.5069,80.5464,32.81,76,100,22.12,overcast clouds
34,Vestmannaeyjar,IS,2022-09-25 03:13:35,63.4427,-20.2734,51.55,84,100,44.0,overcast clouds
35,Otuzco,PE,2022-09-25 03:13:36,-7.9,-78.5833,52.16,75,93,2.46,overcast clouds
36,Paamiut,GL,2022-09-25 03:13:36,61.994,-49.6678,41.95,62,100,8.32,overcast clouds
37,Richards Bay,ZA,2022-09-25 03:13:37,-28.783,32.0377,72.59,68,0,15.66,clear sky
38,Muzhi,RU,2022-09-25 03:13:37,65.3667,64.6667,29.34,83,38,5.23,scattered clouds
39,Lompoc,US,2022-09-25 03:10:58,34.6391,-120.4579,66.34,91,100,6.91,overcast clouds
40,Yellowknife,CA,2022-09-25 03:13:38,62.456,-114.3525,32.52,74,20,2.3,few clouds
41,Lianzhou,CN,2022-09-25 03:13:38,24.7811,112.3825,86.9,38,2,4.76,clear sky
42,Zhezkazgan,KZ,2022-09-25 03:13:39,47.8043,67.7144,58.98,44,0,4.47,clear sky
43,Kostino,RU,2022-09-25 03:13:39,58.9097,53.2691,49.44,88,100,9.4,overcast clouds
44,Itarema,BR,2022-09-25 03:13:39,-2.9248,-39.9167,78.12,80,0,13.49,clear sky
45,Riyadh,SA,2022-09-25 03:14:40,24.6877,46.7219,75.34,26,0,11.7,clear sky
46,Solnechnyy,RU,2022-09-25 03:14:40,50.7214,136.6319,57.33,65,80,1.86,broken clouds
47,Cayenne,GF,2022-09-25 03:14:41,4.9333,-52.3333,78.84,89,0,3.44,clear sky
48,Jamestown,US,2022-09-25 03:14:41,42.097,-79.2353,57.72,82,100,5.75,overcast clouds
49,Hambantota,LK,2022-09-25 03:14:41,6.1241,81.1185,83.32,66,90,15.05,overcast clouds
50,Georgetown,MY,2022-09-25 03:12:40,5.4112,100.3354,83.89,78,40,0.0,scattered clouds
51,Avarua,CK,2022-09-25 03:14:42,-21.2078,-159.775,75.25,69,20,23.02,few clouds
52,Terra Rica,BR,2022-09-25 03:14:42,-22.7094,-52.6169,65.5,50,78,5.39,broken clouds
53,Castro,BR,2022-09-25 03:14:43,-24.7911,-50.0119,49.06,95,35,5.19,scattered clouds
54,Barrow,US,2022-09-25 03:14:43,71.2906,-156.7887,33.82,86,100,21.85,light snow
55,Mogadishu,SO,2022-09-25 03:14:44,2.0371,45.3438,77.2,82,21,15.66,few clouds
56,Carnarvon,AU,2022-09-25 03:12:51,-24.8667,113.6333,67.48,48,0,21.72,clear sky
57,Salalah,OM,2022-09-25 03:14:44,17.0151,54.0924,78.26,86,58,2.91,broken clouds
58,Prescott,US,2022-09-25 03:13:45,34.54,-112.4685,71.28,50,40,4.61,scattered clouds
59,Aksarka,RU,2022-09-25 03:14:45,66.5606,67.7975,30.81,79,53,10.89,broken clouds
60,Havoysund,NO,2022-09-25 03:14:45,70.9963,24.6622,48.43,87,100,7.85,overcast clouds
61,Rio Claro,BR,2022-09-25 03:14:46,-22.4114,-47.5614,58.06,68,28,5.68,scattered clouds
62,East London,ZA,2022-09-25 03:14:46,-33.0153,27.9116,67.28,92,79,12.19,broken clouds
63,Saint-Pierre,RE,2022-09-25 03:14:46,-21.3393,55.4781,69.48,64,0,9.22,clear sky
64,Upernavik,GL,2022-09-25 03:14:47,72.7868,-56.1549,32.31,65,100,12.91,overcast clouds
65,Sao Gabriel Da Cachoeira,BR,2022-09-25 03:14:47,-0.1303,-67.0892,73.72,87,98,1.88,overcast clouds
66,Coahuayana,MX,2022-09-25 03:14:48,18.7333,-103.6833,77.92,91,33,1.86,scattered clouds
67,Cuencame,MX,2022-09-25 03:14:48,24.8711,-103.6964,71.29,40,13,6.93,few clouds
68,Gisborne,NZ,2022-09-25 03:13:10,-38.6533,178.0042,56.39,83,82,13.91,broken clouds
69,Vincennes,FR,2022-09-25 03:14:49,48.85,2.4333,56.86,87,75,9.22,broken clouds
70,Qaanaaq,GL,2022-09-25 03:14:49,77.484,-69.3632,21.15,82,100,9.53,overcast clouds
71,Hermanus,ZA,2022-09-25 03:14:50,-34.4187,19.2345,56.8,87,100,5.08,overcast clouds
72,Biak,ID,2022-09-25 03:14:50,-0.9131,122.8766,83.32,63,97,10.38,overcast clouds
73,New Norfolk,AU,2022-09-25 03:14:50,-42.7826,147.0587,60.93,43,86,4.23,overcast clouds
74,Chuy,UY,2022-09-25 03:14:51,-33.6971,-53.4616,50.02,79,86,5.97,overcast clouds
75,San Lorenzo,PY,2022-09-25 03:14:51,-25.3333,-57.5333,65.34,59,75,2.3,broken clouds
76,Port Alfred,ZA,2022-09-25 03:11:02,-33.5906,26.891,65.17,91,100,1.01,overcast clouds
77,Sobolevo,RU,2022-09-25 03:14:52,54.4299,31.8996,43.23,89,100,16.17,light rain
78,Portel,BR,2022-09-25 03:14:52,-1.9356,-50.8211,77.2,72,2,5.32,clear sky
79,Ushuaia,AR,2022-09-25 03:14:53,-54.8,-68.3,31.51,94,99,5.46,overcast clouds
80,Longyearbyen,SJ,2022-09-25 03:14:53,78.2186,15.6401,40.84,81,100,10.36,overcast clouds
81,Saskylakh,RU,2022-09-25 03:14:53,71.9167,114.0833,30.69,88,100,10.65,overcast clouds
82,Atambua,ID,2022-09-25 03:14:54,-9.1061,124.8925,87.51,47,64,2.89,broken clouds
83,Albany,US,2022-09-25 03:11:02,42.6001,-73.9662,53.46,83,18,3.87,few clouds
84,Centralia,US,2022-09-25 03:14:54,46.7162,-122.9543,66.65,65,75,0.0,broken clouds
85,Bengkulu,ID,2022-09-25 03:14:55,-3.8004,102.2655,80.31,75,55,5.08,broken clouds
86,Ambilobe,MG,2022-09-25 03:14:55,-13.2,49.05,69.1,67,0,5.59,clear sky
87,Faya,SA,2022-09-25 03:14:56,18.3851,42.4509,61.32,27,15,6.55,few clouds
88,Ngawen,ID,2022-09-25 03:14:56,-7.0032,111.3129,86.43,58,100,7.99,overcast clouds
89,Mayor Pablo Lagerenza,PY,2022-09-25 03:14:56,-19.9309,-60.7718,78.21,46,100,3.49,overcast clouds
90,Gladstone,AU,2022-09-25 03:14:57,-23.85,151.25,84.78,41,0,11.5,clear sky
91,Cockburn Town,TC,2022-09-25 03:14:57,21.4612,-71.1419,82.51,80,64,14.76,broken clouds
92,Riohacha,CO,2022-09-25 03:15:58,11.5444,-72.9072,76.32,87,100,7.38,overcast clouds
93,Ca Mau,VN,2022-09-25 03:15:58,9.1769,105.15,88.18,62,95,8.12,overcast clouds
94,Mar Del Plata,AR,2022-09-25 03:15:58,-38.0023,-57.5575,60.1,68,0,5.75,moderate rain
95,Nyagan,RU,2022-09-25 03:15:59,62.1406,65.3936,34.03,76,71,7.67,broken clouds
96,Lavrentiya,RU,2022-09-25 03:15:59,65.5833,-171.0,39.34,69,100,17.45,overcast clouds
97,Puerto Ayora,EC,2022-09-25 03:14:29,-0.7393,-90.3518,66.54,94,96,7.0,overcast clouds
98,Vanimo,PG,2022-09-25 03:16:00,-2.6741,141.3028,85.48,64,95,9.08,overcast clouds
99,Bluff,NZ,2022-09-25 03:16:00,-46.6,168.3333,55.72,73,100,9.82,light rain
100,Te Anau,NZ,2022-09-25 03:16:01,-45.4167,167.7167,62.73,57,100,3.49,light rain
101,North Vanlaiphai,IN,2022-09-25 03:16:01,23.1333,93.0667,68.61,83,100,0.92,overcast clouds
102,Nemuro,JP,2022-09-25 03:16:02,43.3236,145.575,63.41,78,3,0.49,clear sky
103,Port Elizabeth,ZA,2022-09-25 03:16:03,-33.918,25.5701,63.32,99,100,3.0,overcast clouds
104,Narsaq,GL,2022-09-25 03:16:03,60.9167,-46.05,44.82,76,100,5.99,overcast clouds
105,Henties Bay,NA,2022-09-25 03:16:03,-22.116,14.2845,53.11,91,29,3.89,scattered clouds
106,Hattiesburg,US,2022-09-25 03:11:35,31.3271,-89.2903,71.53,90,0,0.0,mist
107,Lebu,CL,2022-09-25 03:16:04,-37.6167,-73.65,47.17,87,1,10.31,clear sky
108,Mount Gambier,AU,2022-09-25 03:16:04,-37.8333,140.7667,62.56,47,98,6.82,light rain
109,Bonthe,SL,2022-09-25 03:16:05,7.5264,-12.505,74.17,93,100,6.2,light rain
110,Khani,GE,2022-09-25 03:16:06,41.9563,42.9566,45.97,89,76,3.76,broken clouds
111,Honiara,SB,2022-09-25 03:16:06,-9.4333,159.95,83.35,76,94,3.51,overcast clouds
112,Cabo San Lucas,MX,2022-09-25 03:15:15,22.8909,-109.9124,84.18,79,100,7.0,overcast clouds
113,Clyde River,CA,2022-09-25 03:16:06,70.4692,-68.5914,34.03,86,100,18.41,light snow
114,Geraldton,AU,2022-09-25 03:16:07,-28.7667,114.6,66.61,45,40,17.27,scattered clouds
115,Ponta Do Sol,PT,2022-09-25 03:13:51,32.6667,-17.1,72.23,82,100,5.95,overcast clouds
116,Tokur,RU,2022-09-25 03:16:08,53.1333,132.9,52.68,61,98,3.74,overcast clouds
117,Lodja,CD,2022-09-25 03:16:08,-3.4833,23.4333,67.05,99,100,1.14,overcast clouds
118,Gatehouse Of Fleet,GB,2022-09-25 03:16:08,54.882,-4.1843,48.24,82,82,5.84,broken clouds
119,Nha Trang,VN,2022-09-25 03:16:09,12.25,109.1833,82.4,82,100,3.6,overcast clouds
120,Meulaboh,ID,2022-09-25 03:16:09,4.1363,96.1285,78.22,79,100,2.15,overcast clouds
121,Ilulissat,GL,2022-09-25 03:16:10,69.2167,-51.1,33.82,86,75,6.91,broken clouds
122,Les Cayes,HT,2022-09-25 03:16:10,18.2,-73.75,80.17,84,100,3.0,overcast clouds
123,Izhma,RU,2022-09-25 03:16:11,65.0083,53.9113,30.33,85,6,5.86,clear sky
124,Belmonte,BR,2022-09-25 03:16:12,-15.8631,-38.8828,71.89,94,100,13.94,overcast clouds
125,Cherskiy,RU,2022-09-25 03:16:12,68.75,161.3,33.08,63,100,7.29,overcast clouds
126,Blois,FR,2022-09-25 03:16:13,47.5833,1.3333,55.78,93,80,7.11,broken clouds
127,Udachnyy,RU,2022-09-25 03:16:14,66.4167,112.4,26.46,92,100,15.41,overcast clouds
128,Tasiilaq,GL,2022-09-25 03:16:14,65.6145,-37.6368,41.16,29,0,47.4,clear sky
129,Mazatlan,MX,2022-09-25 03:16:14,23.2167,-106.4167,85.01,86,40,3.44,scattered clouds
130,Alofi,NU,2022-09-25 03:16:15,-19.0595,-169.9187,80.49,69,50,12.66,scattered clouds
131,Porosozero,RU,2022-09-25 03:16:15,62.7191,32.727,42.08,91,100,10.56,light rain
132,Emerald,AU,2022-09-25 03:16:16,-23.5333,148.1667,82.35,34,0,2.64,clear sky
133,Thompson,CA,2022-09-25 03:16:17,55.7435,-97.8558,55.56,67,75,5.75,broken clouds
134,Bud,US,2022-09-25 03:16:17,39.447,-86.1758,67.05,80,50,7.63,scattered clouds
135,Norman Wells,CA,2022-09-25 03:16:18,65.282,-126.8329,39.24,75,75,2.3,broken clouds
136,Boguchany,RU,2022-09-25 03:16:18,58.3814,97.4531,36.39,93,100,3.44,light rain
137,Sept-Iles,CA,2022-09-25 03:16:18,50.2001,-66.3821,46.4,67,20,11.5,few clouds
138,Alta Floresta,BR,2022-09-25 03:15:51,-9.8756,-56.0861,77.49,56,37,4.14,scattered clouds
139,Sitka,US,2022-09-25 03:17:19,57.0531,-135.33,55.29,71,100,8.05,overcast clouds
140,Broken Hill,AU,2022-09-25 03:17:19,-31.95,141.4333,77.36,26,74,15.23,broken clouds
141,Guerrero Negro,MX,2022-09-25 03:14:55,27.9769,-114.0611,74.16,75,0,13.31,clear sky
142,Buchanan,LR,2022-09-25 03:17:20,5.8808,-10.0467,74.07,93,100,7.49,heavy intensity rain
143,Peniche,PT,2022-09-25 03:17:20,39.3558,-9.3811,62.29,84,3,24.67,clear sky
144,Rodrigues Alves,BR,2022-09-25 03:17:21,-7.738,-72.6509,74.07,83,96,1.21,overcast clouds
145,Hilo,US,2022-09-25 03:17:21,19.7297,-155.09,81.28,91,100,5.01,overcast clouds
146,Steamboat Springs,US,2022-09-25 03:12:45,40.485,-106.8317,55.94,51,0,4.61,clear sky
147,Atuona,PF,2022-09-25 03:17:22,-9.8,-139.0333,76.86,75,33,18.41,scattered clouds
148,Tessalit,ML,2022-09-25 03:17:22,20.1986,1.0114,89.31,20,60,7.27,broken clouds
149,Mongo,TD,2022-09-25 03:17:22,12.1844,18.693,78.22,76,69,4.32,broken clouds
150,Port Lincoln,AU,2022-09-25 03:17:23,-34.7333,135.8667,54.57,95,100,9.13,moderate rain
151,Ampanihy,MG,2022-09-25 03:17:23,-24.7,44.75,65.93,66,0,6.08,clear sky
152,Souillac,MU,2022-09-25 03:17:24,-20.5167,57.5167,71.98,68,40,11.5,scattered clouds
153,Arraial Do Cabo,BR,2022-09-25 03:17:24,-22.9661,-42.0278,66.65,71,2,5.41,clear sky
154,Nahrin,AF,2022-09-25 03:17:24,36.0649,69.1334,69.19,20,0,2.57,clear sky
155,Klaksvik,FO,2022-09-25 03:17:25,62.2266,-6.589,52.72,73,100,29.66,overcast clouds
156,Atikokan,CA,2022-09-25 03:17:25,48.7555,-91.6216,48.65,99,100,0.11,overcast clouds
157,Hun,LY,2022-09-25 03:17:26,29.1268,15.9477,69.98,71,0,4.0,clear sky
158,Rawson,AR,2022-09-25 03:17:26,-43.3002,-65.1023,50.02,67,2,7.02,clear sky
159,Beckley,US,2022-09-25 03:17:26,37.7782,-81.1882,59.41,76,100,5.75,overcast clouds
160,Bogande,BF,2022-09-25 03:17:27,12.9714,-0.1436,76.08,79,95,7.09,overcast clouds
161,Griffith,US,2022-09-25 03:17:27,41.5284,-87.4237,66.06,84,75,3.44,broken clouds
162,Janoshalma,HU,2022-09-25 03:17:28,46.2986,19.3258,56.35,49,100,5.97,overcast clouds
163,Kodiak,US,2022-09-25 03:17:28,57.79,-152.4072,49.51,66,0,10.36,clear sky
164,Ancud,CL,2022-09-25 03:17:28,-41.8697,-73.8203,45.23,88,62,2.26,broken clouds
165,Mahebourg,MU,2022-09-25 03:17:29,-20.4081,57.7,71.89,68,40,11.5,scattered clouds
166,Rocha,UY,2022-09-25 03:17:29,-34.4833,-54.3333,47.77,78,100,5.64,overcast clouds
167,Kerrville,US,2022-09-25 03:13:47,30.0474,-99.1403,80.55,66,40,3.44,scattered clouds
168,Zhigansk,RU,2022-09-25 03:17:30,66.7697,123.3711,35.02,88,100,6.91,overcast clouds
169,Katsuura,JP,2022-09-25 03:17:30,35.1333,140.3,78.82,68,22,19.22,few clouds
170,Padang,ID,2022-09-25 03:17:31,-0.9492,100.3543,82.45,74,100,1.34,overcast clouds
171,Provideniya,RU,2022-09-25 03:17:31,64.3833,-173.3,39.2,68,100,8.88,overcast clouds
172,Hlatikulu,SZ,2022-09-25 03:17:31,-26.9667,31.3167,56.55,88,0,3.11,clear sky
173,Karratha,AU,2022-09-25 03:17:32,-20.7377,116.8463,88.47,17,1,8.14,clear sky
174,Nishihara,JP,2022-09-25 03:17:32,26.1842,127.7558,85.28,77,75,12.66,broken clouds
175,Vila,PT,2022-09-25 03:17:33,42.0304,-8.1588,46.71,81,22,5.48,few clouds
176,Cape Town,ZA,2022-09-25 03:13:36,-33.9258,18.4232,54.09,87,0,5.75,clear sky
177,Pisco,PE,2022-09-25 03:17:33,-13.7,-76.2167,59.05,82,0,3.44,clear sky
178,Nanortalik,GL,2022-09-25 03:17:34,60.1432,-45.2371,42.49,95,100,6.93,overcast clouds
179,Charters Towers,AU,2022-09-25 03:17:34,-20.1,146.2667,89.49,33,13,9.6,few clouds
180,Astoria,US,2022-09-25 03:13:26,46.1879,-123.8313,62.6,82,0,9.22,clear sky
181,Kangaatsiaq,GL,2022-09-25 03:17:35,68.3065,-53.4641,35.1,73,30,12.46,scattered clouds
182,Broome,US,2022-09-25 03:17:35,42.2506,-75.833,54.32,78,100,0.0,overcast clouds
183,Kavaratti,IN,2022-09-25 03:17:35,10.5669,72.642,82.26,71,55,11.21,broken clouds
184,Sorland,NO,2022-09-25 03:17:36,67.667,12.6934,49.86,71,25,19.04,scattered clouds
185,The Valley,AI,2022-09-25 03:18:36,18.217,-63.0578,82.26,71,99,12.57,overcast clouds
186,Ayan,RU,2022-09-25 03:18:37,56.45,138.1667,44.38,90,100,20.0,light rain
187,Asola,IT,2022-09-25 03:18:37,45.2211,10.4136,61.02,92,100,4.47,overcast clouds
188,Dingle,PH,2022-09-25 03:18:38,10.9995,122.6711,85.86,69,100,8.5,overcast clouds
189,Hovd,MN,2022-09-25 03:18:38,48.0056,91.6419,58.71,36,79,2.71,broken clouds
190,Tochigi,JP,2022-09-25 03:18:39,36.3833,139.7333,78.12,48,61,4.09,broken clouds
191,Port Blair,IN,2022-09-25 03:18:39,11.6667,92.75,84.24,79,40,4.61,mist
192,Mackay,AU,2022-09-25 03:18:40,-21.15,149.2,82.69,71,6,10.25,clear sky
193,Fortuna,US,2022-09-25 03:14:01,40.5982,-124.1573,60.1,88,0,3.42,clear sky
194,Verkhoyansk,RU,2022-09-25 03:18:40,67.5447,133.385,35.04,55,89,3.83,overcast clouds
195,Nurota,UZ,2022-09-25 03:18:40,40.5614,65.6886,75.52,19,0,2.21,clear sky
196,Youhao,CN,2022-09-25 03:18:41,47.8667,128.8333,70.68,37,8,11.12,clear sky
197,San Felipe,VE,2022-09-25 03:18:41,10.3399,-68.7425,72.77,95,100,2.8,overcast clouds
198,Faanui,PF,2022-09-25 03:18:42,-16.4833,-151.75,77.83,75,8,19.66,clear sky
199,Cache Creek,CA,2022-09-25 03:18:42,50.8101,-121.3246,57.65,71,56,2.53,broken clouds
200,Zhanakorgan,KZ,2022-09-25 03:18:43,43.9098,67.2495,77.61,22,0,4.7,clear sky
201,Hithadhoo,MV,2022-09-25 03:18:43,-0.6,73.0833,80.46,74,100,7.87,heavy intensity rain
202,Manokwari,ID,2022-09-25 03:18:44,-0.8667,134.0833,79.41,82,100,14.05,overcast clouds
203,Navahrudak,BY,2022-09-25 03:18:44,53.6,25.8333,44.67,70,100,6.93,overcast clouds
204,Arrifes,PT,2022-09-25 03:18:44,37.7667,-25.7,69.24,88,75,8.05,light rain
205,Ewa Beach,US,2022-09-25 03:16:43,21.3156,-158.0072,82.35,70,100,13.8,moderate rain
206,Shwebo,MM,2022-09-25 03:18:45,22.5667,95.7,85.06,69,72,3.2,broken clouds
207,Pangkalanbuun,ID,2022-09-25 03:18:46,-2.6833,111.6167,86.32,57,99,4.36,overcast clouds
208,Seydi,TM,2022-09-25 03:18:46,39.4816,62.9137,76.96,17,0,5.7,clear sky
209,Chateaubelair,VC,2022-09-25 03:18:46,13.2833,-61.25,80.13,77,41,8.66,scattered clouds
210,Nsoko,SZ,2022-09-25 03:18:47,-27.0333,31.95,63.66,91,0,3.44,clear sky
211,Dalen,NL,2022-09-25 03:18:47,52.6992,6.7556,49.05,76,94,7.11,overcast clouds
212,Grand Forks,US,2022-09-25 03:15:44,47.9417,-97.4337,53.33,87,0,6.91,clear sky
213,Port Hardy,CA,2022-09-25 03:18:48,50.6996,-127.4199,57.38,100,100,3.44,overcast clouds
214,Saint-Philippe,RE,2022-09-25 03:18:48,-21.3585,55.7679,69.39,78,69,11.95,broken clouds
215,Hay River,CA,2022-09-25 03:18:49,60.8156,-115.7999,42.78,65,20,3.44,few clouds
216,Zorritos,PE,2022-09-25 03:18:49,-3.6805,-80.6782,70.09,76,76,3.51,broken clouds
217,Port Hedland,AU,2022-09-25 03:18:50,-20.3167,118.5667,95.05,16,1,6.91,clear sky
218,Alyangula,AU,2022-09-25 03:18:50,-13.8483,136.4192,85.91,49,75,3.4,broken clouds
219,Airai,TL,2022-09-25 03:18:51,-8.9266,125.4092,79.99,34,63,4.99,broken clouds
220,Maniitsoq,GL,2022-09-25 03:18:51,65.4167,-52.9,36.12,64,45,8.28,scattered clouds
221,Beira,MZ,2022-09-25 03:18:51,-19.8436,34.8389,69.85,91,6,2.68,clear sky
222,Petropavlovsk-Kamchatskiy,RU,2022-09-25 03:18:52,53.0452,158.6483,45.19,100,100,4.47,light intensity shower rain
223,Parakou,BJ,2022-09-25 03:18:52,9.3372,2.6303,70.47,98,29,4.59,scattered clouds
224,Rheden,NL,2022-09-25 03:18:53,52.0167,6.05,51.94,94,100,5.79,overcast clouds
225,Takhtamygda,RU,2022-09-25 03:18:53,54.1,123.5667,50.63,61,31,5.73,scattered clouds
226,San Quintin,MX,2022-09-25 03:18:54,30.4833,-115.95,74.05,75,62,10.83,broken clouds
227,Smolyaninovo,RU,2022-09-25 03:18:54,43.2956,132.4675,67.46,50,100,5.64,overcast clouds
228,Khash,IR,2022-09-25 03:18:55,28.2211,61.2158,71.08,10,1,2.57,clear sky
229,Fairbanks,US,2022-09-25 03:15:28,64.8378,-147.7164,51.8,66,0,5.75,clear sky
230,Kirkuk,IQ,2022-09-25 03:19:55,35.4681,44.3922,74.91,39,0,6.04,clear sky
231,Dakar,SN,2022-09-25 03:19:56,14.6937,-17.4441,74.28,79,89,8.39,overcast clouds
232,Pevek,RU,2022-09-25 03:19:56,69.7008,170.3133,31.46,75,100,8.08,overcast clouds
233,Ostrovnoy,RU,2022-09-25 03:19:56,68.0531,39.5131,39.24,82,100,9.57,overcast clouds
234,Indergarh,IN,2022-09-25 03:19:57,26.9352,79.6724,80.46,80,71,6.29,broken clouds
235,Estelle,US,2022-09-25 03:19:57,29.8458,-90.1067,84.2,67,0,3.44,clear sky
236,Derzhavinsk,KZ,2022-09-25 03:19:57,51.1,66.3167,69.12,29,88,10.85,overcast clouds
237,Novyy Urengoy,RU,2022-09-25 03:19:58,66.0833,76.6333,30.87,75,100,15.01,overcast clouds
238,Cabedelo,BR,2022-09-25 03:19:58,-6.9811,-34.8339,74.07,70,51,11.43,broken clouds
239,Richmond,US,2022-09-25 03:14:59,37.5538,-77.4603,65.19,64,40,10.36,scattered clouds
240,Bontang,ID,2022-09-25 03:19:59,0.1333,117.5,84.24,65,96,7.11,overcast clouds
241,Khatanga,RU,2022-09-25 03:19:59,71.9667,102.5,25.95,74,27,9.4,scattered clouds
242,Camapua,BR,2022-09-25 03:20:00,-19.5314,-54.0439,72.36,41,86,9.64,overcast clouds
243,Kemijarvi,FI,2022-09-25 03:20:00,66.7131,27.4306,36.1,84,9,1.72,clear sky
244,Sherlovaya Gora,RU,2022-09-25 03:20:01,50.5667,116.25,43.29,44,72,20.8,broken clouds
245,Talcahuano,CL,2022-09-25 03:15:26,-36.7167,-73.1167,49.68,81,0,9.22,clear sky
246,Saldanha,ZA,2022-09-25 03:20:01,-33.0117,17.9442,44.65,88,100,0.94,overcast clouds
247,Chokurdakh,RU,2022-09-25 03:20:02,70.6333,147.9167,36.16,61,38,5.21,scattered clouds
248,Mardin,TR,2022-09-25 03:20:02,37.3131,40.7436,63.66,30,20,16.11,few clouds
249,Kosino,RU,2022-09-25 03:20:03,58.4127,51.2782,47.48,96,100,1.05,overcast clouds
250,Filadelfia,US,2022-09-25 03:16:38,39.9523,-75.1638,62.49,70,75,10.36,broken clouds
251,Guayanilla,PR,2022-09-25 03:20:04,18.0191,-66.7918,78.15,89,75,1.01,broken clouds
252,Kashi,CN,2022-09-25 03:20:04,39.4547,75.9797,67.21,39,20,4.47,few clouds
253,Ulladulla,AU,2022-09-25 03:20:05,-35.35,150.4667,68.77,64,29,8.57,scattered clouds
254,Mathathane,BW,2022-09-25 03:20:05,-22.2687,28.7495,67.98,47,0,9.19,clear sky
255,Popondetta,PG,2022-09-25 03:20:05,-8.7537,148.2534,90.64,50,53,8.12,broken clouds
256,Mahibadhoo,MV,2022-09-25 03:20:06,3.7833,72.9667,83.48,73,77,14.76,broken clouds
257,Havelock,US,2022-09-25 03:20:06,34.8791,-76.9013,75.18,73,68,6.11,broken clouds
258,Jamiltepec,MX,2022-09-25 03:20:07,16.2833,-97.8167,72.39,96,100,1.41,overcast clouds
259,Sao Filipe,CV,2022-09-25 03:20:07,14.8961,-24.4956,76.78,86,98,8.57,overcast clouds
260,Hamilton,US,2022-09-25 03:20:07,39.1834,-84.5333,66.79,83,0,9.22,clear sky
261,Gbarnga,LR,2022-09-25 03:20:08,6.9956,-9.4722,70.77,100,100,1.36,overcast clouds
262,Aliaga,PH,2022-09-25 03:20:08,15.5167,120.8667,85.5,83,100,2.98,moderate rain
263,Orsha,BY,2022-09-25 03:20:09,54.5153,30.4053,42.75,81,99,16.75,overcast clouds
264,Omboue,GA,2022-09-25 03:16:05,-1.5746,9.2618,75.72,85,100,7.96,overcast clouds
265,Nizwa,OM,2022-09-25 03:20:10,22.9333,57.5333,84.06,34,31,0.92,scattered clouds
266,Ternate,ID,2022-09-25 03:20:10,0.8,127.4,84.34,71,100,12.66,overcast clouds
267,Thunder Bay,CA,2022-09-25 03:20:10,48.4001,-89.3168,51.78,87,100,2.3,overcast clouds
268,Kaitangata,NZ,2022-09-25 03:20:11,-46.2817,169.8464,51.55,80,100,14.12,overcast clouds
269,Berbera,SO,2022-09-25 03:20:11,10.4396,45.0143,87.28,67,20,3.96,few clouds
270,Berlevag,NO,2022-09-25 03:20:12,70.8578,29.0864,46.4,81,100,6.91,overcast clouds
271,Atasu,KZ,2022-09-25 03:20:12,48.6814,71.6433,68.38,27,0,2.01,clear sky
272,Mehamn,NO,2022-09-25 03:20:13,71.0357,27.8492,46.35,87,75,8.05,broken clouds
273,Codrington,AU,2022-09-25 03:20:13,-38.2667,141.9667,62.2,52,97,5.91,overcast clouds
274,Nacala,MZ,2022-09-25 03:20:13,-14.5428,40.6728,70.74,92,4,2.01,clear sky
275,Namatanai,PG,2022-09-25 03:19:54,-3.6667,152.4333,85.15,65,86,10.04,overcast clouds
276,Uyuni,BO,2022-09-25 03:21:14,-20.4597,-66.825,38.79,20,93,16.51,overcast clouds
277,Talara,PE,2022-09-25 03:21:14,-4.5772,-81.2719,64.4,80,98,19.37,overcast clouds
278,Soyo,AO,2022-09-25 03:21:15,-6.1349,12.3689,72.45,87,97,5.48,overcast clouds
279,Leningradskiy,RU,2022-09-25 03:21:16,69.3833,178.4167,32.47,86,96,8.97,light snow
280,Vila Velha,BR,2022-09-25 03:19:44,-20.3297,-40.2925,69.75,83,75,9.22,broken clouds
281,Teknaf,BD,2022-09-25 03:21:16,20.8624,92.3058,83.44,75,98,1.19,overcast clouds
282,Moron,AR,2022-09-25 03:21:17,-34.6534,-58.6198,62.35,78,99,5.79,overcast clouds
283,Naron,ES,2022-09-25 03:21:17,43.5167,-8.1528,59.02,75,32,6.87,scattered clouds
284,Solenzo,BF,2022-09-25 03:21:17,12.1833,-4.0833,72.07,85,100,4.41,light rain
285,Tsiroanomandidy,MG,2022-09-25 03:21:18,-18.7667,46.0333,63.91,71,9,3.29,clear sky
286,Hervey Bay,AU,2022-09-25 03:21:18,-25.2986,152.8535,73.35,49,0,6.04,clear sky
287,Taltal,CL,2022-09-25 03:21:18,-25.4,-70.4833,58.98,71,0,6.17,clear sky
288,Shimanovsk,RU,2022-09-25 03:21:19,52.0,127.7,56.93,65,100,4.97,overcast clouds
289,Sao Felix Do Xingu,BR,2022-09-25 03:21:19,-6.6447,-51.995,74.97,73,58,1.03,broken clouds
290,Esperance,AU,2022-09-25 03:21:20,-33.8667,121.9,59.14,64,94,11.72,overcast clouds
291,Gat,IL,2022-09-25 03:21:20,31.61,34.7642,79.39,60,0,6.38,clear sky
292,Qala,AZ,2022-09-25 03:21:20,40.4418,50.1681,67.33,67,91,30.13,overcast clouds
293,Pingliang,CN,2022-09-25 03:21:21,35.5392,106.6861,65.71,50,0,6.44,clear sky
294,Yarensk,RU,2022-09-25 03:21:21,62.1675,49.0916,39.51,85,100,11.39,overcast clouds
295,Tiksi,RU,2022-09-25 03:21:22,71.6872,128.8694,33.44,82,31,17.63,scattered clouds
296,Nanakuli,US,2022-09-25 03:21:22,21.3906,-158.1547,82.35,67,100,12.66,moderate rain
297,Comodoro Rivadavia,AR,2022-09-25 03:17:18,-45.8667,-67.5,37.26,93,0,5.75,clear sky
298,Payakumbuh,ID,2022-09-25 03:21:23,-0.2202,100.6308,77.23,76,100,1.43,overcast clouds
299,Kindu,CD,2022-09-25 03:21:23,-2.95,25.95,68.09,99,100,0.92,moderate rain
300,Merauke,ID,2022-09-25 03:21:23,-8.4667,140.3333,80.8,82,79,12.97,broken clouds
301,Tazovskiy,RU,2022-09-25 03:21:24,67.4667,78.7,30.9,80,93,16.58,overcast clouds
302,Tarakan,ID,2022-09-25 03:21:24,3.3,117.6333,83.7,74,40,5.75,scattered clouds
303,Saint-Joseph,RE,2022-09-25 03:21:25,-21.3667,55.6167,68.38,76,49,12.41,scattered clouds
304,Torbay,CA,2022-09-25 03:21:25,47.6666,-52.7314,59.16,89,75,19.57,broken clouds
305,Vestmanna,FO,2022-09-25 03:21:26,62.1564,-7.1664,50.92,93,100,13.8,overcast clouds
306,Jambi,ID,2022-09-25 03:21:26,-1.6,103.6167,86.14,60,88,5.3,overcast clouds
307,Tabasco,MX,2022-09-25 03:21:27,18.0,-92.6667,79.07,89,40,0.0,scattered clouds
308,Bethel,US,2022-09-25 03:21:27,41.3712,-73.414,56.64,82,0,0.0,clear sky
309,Shingu,JP,2022-09-25 03:21:27,33.7333,135.9833,76.98,56,91,4.47,overcast clouds
310,Xambioa,BR,2022-09-25 03:21:28,-6.4111,-48.5364,79.27,60,29,3.42,scattered clouds
311,Kurilsk,RU,2022-09-25 03:21:28,45.2333,147.8833,60.82,80,27,20.74,scattered clouds
312,Lethem,GY,2022-09-25 03:21:29,3.3803,-59.7968,80.62,63,50,3.76,light rain
313,Tigil,RU,2022-09-25 03:21:29,57.8,158.6667,47.86,65,100,17.2,overcast clouds
314,Nicolas Bravo,MX,2022-09-25 03:21:30,18.45,-88.9167,73.47,99,63,1.57,broken clouds
315,North Platte,US,2022-09-25 03:21:30,41.1239,-100.7654,65.12,42,0,11.99,clear sky
316,Victoria,HK,2022-09-25 03:21:30,22.2855,114.1577,87.96,72,64,3.0,broken clouds
317,Cidreira,BR,2022-09-25 03:21:31,-30.1811,-50.2056,58.55,85,3,9.08,clear sky
318,Muri,IN,2022-09-25 03:21:31,23.3667,85.8667,81.55,78,100,1.36,overcast clouds
319,Luwuk,ID,2022-09-25 03:21:32,-0.9516,122.7875,86.22,59,99,8.99,overcast clouds
320,Ovalle,CL,2022-09-25 03:21:32,-30.5983,-71.2003,51.22,84,0,1.52,clear sky
321,Walvis Bay,NA,2022-09-25 03:22:32,-22.9575,14.5053,56.08,87,100,10.36,overcast clouds
322,Port Lavaca,US,2022-09-25 03:22:33,28.615,-96.6261,82.98,86,0,3.44,clear sky
323,Bonavista,CA,2022-09-25 03:22:33,48.6499,-53.1147,59.4,80,8,27.09,clear sky
324,Marsabit,KE,2022-09-25 03:22:34,2.3284,37.9899,61.09,86,71,17.78,broken clouds
325,Ormara,PK,2022-09-25 03:22:34,25.2088,64.6357,79.56,84,39,9.17,scattered clouds
326,Ust-Kuyga,RU,2022-09-25 03:22:34,70.0167,135.6,32.47,67,4,3.27,clear sky
327,Bosaso,SO,2022-09-25 03:22:35,11.2842,49.1816,86.11,54,33,5.53,scattered clouds
328,Borogontsy,RU,2022-09-25 03:22:35,62.6683,131.1683,42.19,86,100,10.78,overcast clouds
329,Aguimes,ES,2022-09-25 03:22:36,27.9054,-15.4461,69.85,94,75,8.01,broken clouds
330,Opuwo,NA,2022-09-25 03:22:36,-18.0607,13.84,63.01,26,17,4.45,few clouds
331,Gumia,IN,2022-09-25 03:22:37,23.7833,85.8167,82.24,79,89,2.44,overcast clouds
332,Bira,RU,2022-09-25 03:22:37,49.0,132.4667,65.93,50,57,4.32,broken clouds
333,Komsomolskiy,UZ,2022-09-25 03:22:37,40.4272,71.7189,74.12,28,0,0.0,clear sky
334,Bukachacha,RU,2022-09-25 03:22:38,52.9833,116.9167,41.81,57,98,8.12,light rain
335,Salta,AR,2022-09-25 03:22:38,-24.7859,-65.4117,50.59,50,0,8.05,clear sky
336,Coquimbo,CL,2022-09-25 03:22:39,-29.9533,-71.3436,53.33,87,0,2.3,clear sky
337,Half Moon Bay,US,2022-09-25 03:19:32,37.4636,-122.4286,76.87,74,100,17.27,fog
338,Kushiro,JP,2022-09-25 03:22:39,42.975,144.3747,74.35,53,20,9.22,few clouds
339,Muros,ES,2022-09-25 03:22:39,42.7762,-9.0603,52.84,88,3,10.13,clear sky
340,Dunedin,NZ,2022-09-25 03:22:40,-45.8742,170.5036,47.8,90,100,3.0,overcast clouds
341,Ilam,NP,2022-09-25 03:22:40,26.9167,87.9167,71.22,89,100,2.66,overcast clouds
342,Ismailia,EG,2022-09-25 03:22:41,30.6043,32.2723,72.91,78,27,9.69,scattered clouds
343,Nome,US,2022-09-25 03:22:41,64.5011,-165.4064,46.47,77,40,5.75,moderate rain
344,Wildomar,US,2022-09-25 03:20:04,33.5989,-117.28,84.87,34,0,6.91,clear sky
345,Tvoroyri,FO,2022-09-25 03:22:42,61.5556,-6.8111,52.45,87,100,32.59,overcast clouds
346,Pozo Colorado,PY,2022-09-25 03:22:42,-23.4923,-58.7972,63.54,46,100,4.9,overcast clouds
347,Ankpa,NG,2022-09-25 03:22:43,7.3706,7.6253,70.3,98,97,4.05,overcast clouds
348,Ayorou,NE,2022-09-25 03:22:43,14.7308,0.9174,86.59,47,77,8.63,broken clouds
349,Antofagasta,CL,2022-09-25 03:18:32,-23.65,-70.4,58.28,81,45,7.83,scattered clouds
350,Adrar,MR,2022-09-25 03:22:43,20.5022,-10.0711,88.56,38,62,16.04,broken clouds
351,Orel-Izumrud,RU,2022-09-25 03:22:44,43.4583,39.9244,55.02,87,75,6.71,broken clouds
352,Baturaja,ID,2022-09-25 03:22:44,-4.1333,104.1667,86.79,60,9,3.27,clear sky
353,Karaton,ID,2022-09-25 03:22:45,-6.3424,106.1045,86.92,61,36,0.4,scattered clouds
354,Prince Rupert,CA,2022-09-25 03:22:45,54.3161,-130.3201,55.49,94,100,13.8,light rain
355,Pacific Grove,US,2022-09-25 03:19:04,36.6177,-121.9166,61.21,91,100,6.91,overcast clouds
356,Iqaluit,CA,2022-09-25 03:22:46,63.7506,-68.5145,35.33,87,0,12.66,clear sky
357,Sola,VU,2022-09-25 03:22:46,-13.8833,167.55,80.96,78,42,13.58,scattered clouds
358,Houma,US,2022-09-25 03:22:47,29.5958,-90.7195,80.6,84,0,0.0,clear sky
359,Kefar Yona,IL,2022-09-25 03:22:47,32.3167,34.9351,73.65,67,0,6.89,clear sky
360,Beringovskiy,RU,2022-09-25 03:22:47,63.05,179.3167,36.07,84,99,14.99,light rain
361,Egvekinot,RU,2022-09-25 03:22:48,66.3167,-179.1667,29.43,60,95,13.69,overcast clouds
362,Bani Walid,LY,2022-09-25 03:22:48,31.7566,13.9942,65.07,83,0,3.36,clear sky
363,Kota Belud,MY,2022-09-25 03:22:49,6.351,116.4305,86.95,58,98,11.63,overcast clouds
364,Maumere,ID,2022-09-25 03:22:49,-8.6199,122.2111,85.21,61,35,2.46,scattered clouds
365,Port-Gentil,GA,2022-09-25 03:22:49,-0.7193,8.7815,76.19,87,100,13.67,light rain
366,Khandyga,RU,2022-09-25 03:22:50,62.6667,135.6,38.86,85,100,5.19,overcast clouds
367,Shaowu,CN,2022-09-25 03:22:50,27.3409,117.4831,86.72,40,0,1.05,clear sky
368,Mezen,RU,2022-09-25 03:23:51,65.8522,44.24,32.04,82,100,10.04,overcast clouds
369,Rizhao,CN,2022-09-25 03:23:51,35.4275,119.4553,71.35,57,7,7.27,clear sky
370,Kiskunmajsa,HU,2022-09-25 03:23:52,46.4903,19.74,56.91,51,100,5.41,overcast clouds
371,Moerai,PF,2022-09-25 03:23:14,-22.4333,-151.3333,71.53,61,18,20.71,few clouds
372,Nyurba,RU,2022-09-25 03:23:52,63.2842,118.3319,34.72,99,100,3.18,overcast clouds
373,Chuchkovo,RU,2022-09-25 03:23:52,54.2693,41.4465,46.47,91,100,13.24,overcast clouds
374,Spencer,US,2022-09-25 03:23:53,43.1414,-95.1444,62.64,63,20,5.75,few clouds
375,Ahipara,NZ,2022-09-25 03:23:09,-35.1667,173.1667,62.62,66,28,3.76,scattered clouds
376,Galesburg,US,2022-09-25 03:23:53,40.9478,-90.3712,68.95,70,0,5.75,clear sky
377,Nanzhou,CN,2022-09-25 03:23:54,29.3596,112.4024,70.11,68,97,4.43,overcast clouds
378,Saint George,US,2022-09-25 03:23:54,37.1041,-113.5841,81.95,19,0,4.61,clear sky
379,Kyshtovka,RU,2022-09-25 03:23:54,56.555,76.6271,42.57,84,100,10.27,light rain
380,Imeni Poliny Osipenko,RU,2022-09-25 03:23:55,52.4201,136.4853,56.84,65,60,8.97,broken clouds
381,Poum,NC,2022-09-25 03:23:55,-20.2333,164.0167,76.01,77,4,5.14,clear sky
382,Grindavik,IS,2022-09-25 03:23:55,63.8424,-22.4338,51.75,66,75,50.64,mist
383,Koundara,GN,2022-09-25 03:23:56,12.4833,-13.3,72.59,99,94,4.05,overcast clouds
384,Curillo,CO,2022-09-25 03:23:56,1.0333,-75.9191,70.9,91,100,1.25,overcast clouds
385,Okhotsk,RU,2022-09-25 03:23:57,59.3833,143.3,46.51,42,100,4.81,overcast clouds
386,Zyryanskoye,RU,2022-09-25 03:23:57,56.8306,86.6258,40.32,80,100,6.87,overcast clouds
387,Lopandino,RU,2022-09-25 03:23:58,52.4666,34.8163,44.51,92,100,16.73,light rain
388,Mbuji-Mayi,CD,2022-09-25 03:23:58,-6.15,23.6,67.33,94,98,3.36,overcast clouds
389,Okha,RU,2022-09-25 03:23:58,53.5739,142.9478,48.27,92,100,28.79,light rain
390,Balakirevo,RU,2022-09-25 03:23:59,56.5059,38.8432,42.35,91,100,8.9,overcast clouds
391,San Jeronimo,PE,2022-09-25 03:23:59,-11.9472,-75.2829,46.09,82,100,2.28,overcast clouds
392,Chumphon,TH,2022-09-25 03:23:59,10.3333,98.8333,79.63,77,100,5.66,overcast clouds
393,Domodossola,IT,2022-09-25 03:24:00,46.1165,8.2931,59.72,98,100,0.34,overcast clouds
394,Celina,US,2022-09-25 03:24:00,40.5489,-84.5702,66.76,78,80,12.93,broken clouds
395,Paita,PE,2022-09-25 03:24:01,-5.0892,-81.1144,62.65,83,91,14.34,overcast clouds
396,Harlingen,US,2022-09-25 03:22:34,26.1906,-97.6961,82.89,92,0,6.91,clear sky
397,Inta,RU,2022-09-25 03:24:01,66.0317,60.1659,29.62,82,6,8.61,clear sky
398,Laramie,US,2022-09-25 03:20:49,41.3114,-105.5911,53.98,39,0,6.91,clear sky
399,Kruisfontein,ZA,2022-09-25 03:24:02,-34.0033,24.7314,53.89,75,100,4.56,overcast clouds
400,Ligayan,PH,2022-09-25 03:24:02,4.6533,119.4706,85.35,71,98,21.52,moderate rain
401,De Aar,ZA,2022-09-25 03:24:03,-30.6497,24.0123,64.0,17,82,4.07,broken clouds
402,Kankon,IN,2022-09-25 03:24:03,15.0167,74.0167,78.85,79,70,1.5,broken clouds
403,Aksu,CN,2022-09-25 03:24:03,41.1231,80.2644,72.55,33,87,2.55,overcast clouds
404,Jalu,LY,2022-09-25 03:24:04,29.0331,21.5482,71.64,74,14,12.57,few clouds
405,Nagutskoye,RU,2022-09-25 03:24:04,44.4415,42.8762,50.22,83,68,10.07,broken clouds
406,Fukue,JP,2022-09-25 03:24:05,32.6881,128.8419,79.16,65,40,6.91,scattered clouds
407,Nieuw Amsterdam,SR,2022-09-25 03:24:05,5.8833,-55.0833,81.01,88,100,7.4,overcast clouds
408,Muriwai Beach,NZ,2022-09-25 03:24:06,-36.8167,174.45,67.42,63,35,2.73,scattered clouds
409,Maragogi,BR,2022-09-25 03:24:06,-9.0122,-35.2225,76.84,68,100,7.56,overcast clouds
410,Tlapacoyan,MX,2022-09-25 03:24:07,19.9667,-97.2167,72.68,95,67,1.83,broken clouds
411,Nabire,ID,2022-09-25 03:25:07,-3.3667,135.4833,79.63,85,100,1.86,overcast clouds
412,Abong Mbang,CM,2022-09-25 03:25:08,3.9833,13.1833,65.59,96,87,1.48,overcast clouds
413,Alugan,PH,2022-09-25 03:23:22,12.2188,125.4808,84.25,71,100,9.15,overcast clouds
414,Martapura,ID,2022-09-25 03:25:08,-3.4167,114.85,84.29,74,20,3.44,few clouds
415,Grand Gaube,MU,2022-09-25 03:25:09,-20.0064,57.6608,72.0,67,2,5.01,clear sky
416,Deputatskiy,RU,2022-09-25 03:25:09,69.3,139.9,24.21,86,100,4.76,overcast clouds
417,Mindelo,CV,2022-09-25 03:25:10,16.8901,-24.9804,78.35,78,0,2.3,clear sky
418,Havre-Saint-Pierre,CA,2022-09-25 03:25:10,50.2334,-63.5986,44.96,70,75,17.27,broken clouds
419,Fernley,US,2022-09-25 03:21:34,39.608,-119.2518,75.02,20,0,4.09,clear sky
420,Sheregesh,RU,2022-09-25 03:25:11,52.9209,87.9869,51.31,53,97,4.12,overcast clouds
421,Talaya,RU,2022-09-25 03:25:11,61.3833,152.75,31.5,77,100,3.87,overcast clouds
422,Lucea,JM,2022-09-25 03:25:12,18.451,-78.1736,80.46,80,93,13.02,overcast clouds
423,Palmer,US,2022-09-25 03:25:12,42.1584,-72.3287,52.9,85,20,0.0,few clouds
424,Kaduqli,SD,2022-09-25 03:25:13,11.0167,29.7167,71.35,91,76,1.39,broken clouds
425,Vlasotince,RS,2022-09-25 03:25:13,42.9636,22.1231,41.85,53,98,4.14,overcast clouds
426,Paka,MY,2022-09-25 03:25:14,4.6374,103.4368,89.53,66,20,4.61,few clouds
427,Anadyr,RU,2022-09-25 03:25:14,64.75,177.4833,37.9,51,20,17.9,few clouds
428,Tezu,IN,2022-09-25 03:25:15,27.9167,96.1667,74.25,94,100,2.04,overcast clouds
429,Lappeenranta,FI,2022-09-25 03:25:15,61.0587,28.1887,43.81,86,0,11.5,clear sky
430,Olafsvik,IS,2022-09-25 03:25:15,64.8945,-23.7142,46.02,68,0,47.27,clear sky
431,Gilgit,PK,2022-09-25 03:25:16,35.9221,74.3087,72.88,48,31,3.42,scattered clouds
432,Orlik,RU,2022-09-25 03:25:16,52.5178,99.825,43.03,51,58,5.06,broken clouds
433,Ambunti,PG,2022-09-25 03:25:17,-4.2365,142.8448,88.66,59,98,2.06,overcast clouds
434,Umm Kaddadah,SD,2022-09-25 03:25:17,13.6017,26.6876,82.0,52,32,7.72,scattered clouds
435,Yaan,NG,2022-09-25 03:25:17,7.3833,8.5667,72.01,97,100,4.25,overcast clouds
436,Nashville,US,2022-09-25 03:23:53,36.1659,-86.7844,75.51,63,100,8.05,overcast clouds
437,Hokitika,NZ,2022-09-25 03:25:18,-42.7167,170.9667,59.09,74,100,5.28,moderate rain
438,Kelvington,CA,2022-09-25 03:25:18,52.1667,-103.5343,53.58,46,15,10.49,few clouds
439,Husavik,IS,2022-09-25 03:25:19,66.0449,-17.3389,51.48,60,53,49.66,broken clouds
440,Undory,RU,2022-09-25 03:25:19,54.6085,48.3928,45.64,68,100,3.11,overcast clouds
441,Temir,KZ,2022-09-25 03:25:19,49.1414,57.13,72.66,24,94,17.13,overcast clouds
442,Rupert,US,2022-09-25 03:25:20,42.6191,-113.6772,53.55,54,0,0.0,clear sky
443,Sabang,ID,2022-09-25 03:25:20,5.8933,95.3214,82.51,71,100,16.91,overcast clouds
444,Waitati,NZ,2022-09-25 03:25:21,-45.75,170.5667,47.8,90,100,11.36,overcast clouds
445,Nizhniy Chir,RU,2022-09-25 03:25:21,48.3597,43.0865,48.88,81,12,16.28,few clouds
446,Bo Phloi,TH,2022-09-25 03:25:22,14.3236,99.5161,82.65,77,100,1.63,overcast clouds
447,Sechura,PE,2022-09-25 03:25:22,-5.5569,-80.8222,62.26,82,60,13.85,broken clouds
448,Bilma,NE,2022-09-25 03:25:23,18.6853,12.9164,88.14,14,7,5.1,clear sky
449,Grand-Lahou,CI,2022-09-25 03:25:23,5.1367,-5.0242,74.64,93,100,5.95,overcast clouds
450,Bambous Virieux,MU,2022-09-25 03:25:23,-20.3428,57.7575,71.85,68,40,11.5,scattered clouds
451,Yulara,AU,2022-09-25 03:25:24,-25.2406,130.9889,85.73,23,97,10.76,overcast clouds
452,Notodden,NO,2022-09-25 03:25:24,59.5594,9.2585,41.95,92,81,2.26,broken clouds
453,Quatre Cocos,MU,2022-09-25 03:25:24,-20.2078,57.7625,71.71,72,23,17.34,few clouds
454,Pimentel,PE,2022-09-25 03:26:25,-6.8367,-79.9342,61.74,86,70,15.19,broken clouds
455,Saint-Augustin,CA,2022-09-25 03:26:25,51.226,-58.6502,55.44,78,100,27.27,overcast clouds
456,Baliwagan,PH,2022-09-25 03:26:26,10.3971,122.8911,82.04,83,100,15.14,light rain
457,San Policarpo,PH,2022-09-25 03:26:26,12.1791,125.5072,84.79,69,100,9.78,overcast clouds
458,Turayf,SA,2022-09-25 03:26:27,31.6725,38.6637,66.45,59,0,12.66,clear sky
459,Chernyshevskiy,RU,2022-09-25 03:26:27,63.0128,112.4714,32.2,66,75,8.59,broken clouds
460,Ixtapa,MX,2022-09-25 03:25:16,20.7,-105.2,83.43,79,75,4.61,broken clouds
461,Rio Grande,BR,2022-09-25 03:26:28,-32.035,-52.0986,54.68,81,3,9.17,clear sky
462,North Bend,US,2022-09-25 03:26:28,43.4065,-124.2243,61.92,91,0,14.97,clear sky
463,Nelson Bay,AU,2022-09-25 03:26:29,-32.7167,152.15,71.1,55,0,8.43,clear sky
464,Kununurra,AU,2022-09-25 03:21:32,-15.7667,128.7333,100.38,27,13,8.05,few clouds
465,La Ronge,CA,2022-09-25 03:26:29,55.1001,-105.2842,52.05,62,20,11.5,few clouds
466,Seoul,KR,2022-09-25 03:26:30,37.5683,126.9778,72.97,51,0,4.61,clear sky
467,Gaborone,BW,2022-09-25 03:26:30,-24.6545,25.9086,67.91,64,0,10.36,clear sky
468,Marawi,PH,2022-09-25 03:26:30,7.9986,124.2928,79.48,68,100,8.34,overcast clouds
469,Kaabong,UG,2022-09-25 03:26:31,3.4836,34.1492,64.24,58,29,7.29,scattered clouds
470,Rudnaya Pristan,RU,2022-09-25 03:26:31,44.3614,135.8116,68.04,51,41,6.02,scattered clouds
471,Laguna,US,2022-09-25 03:26:32,38.421,-121.4238,83.32,40,0,6.91,clear sky
472,Mana,GF,2022-09-25 03:26:32,5.6592,-53.7767,78.08,83,70,8.08,broken clouds
473,Khuzdar,PK,2022-09-25 03:26:32,27.7384,66.6434,73.06,55,5,3.0,clear sky
474,Sur,OM,2022-09-25 03:26:33,22.5667,59.5289,85.46,55,17,8.37,few clouds
475,Darnah,LY,2022-09-25 03:26:33,32.767,22.6367,71.6,64,22,10.11,few clouds
476,Spring,US,2022-09-25 03:26:33,30.0799,-95.4172,83.05,73,75,6.91,broken clouds
477,Luganville,VU,2022-09-25 03:26:34,-15.5333,167.1667,83.34,74,87,8.63,overcast clouds
478,Jodhpur,IN,2022-09-25 03:23:05,26.2867,73.03,80.29,68,90,15.64,overcast clouds
479,Ikungi,TZ,2022-09-25 03:26:34,-5.1333,34.7667,58.75,82,98,11.41,overcast clouds
480,Kuruman,ZA,2022-09-25 03:26:35,-27.4524,23.4325,59.0,42,11,11.48,few clouds
481,Barcelos,PT,2022-09-25 03:26:35,41.5388,-8.6151,58.84,87,9,7.0,clear sky
482,Erzin,TR,2022-09-25 03:26:36,36.9559,36.2,64.47,59,0,3.53,clear sky
483,Kieta,PG,2022-09-25 03:26:36,-6.2167,155.6333,85.41,65,62,5.53,broken clouds
484,Panukulan,PH,2022-09-25 03:26:36,14.9333,121.8144,76.95,93,100,13.56,heavy intensity rain
485,Skaelskor,DK,2022-09-25 03:26:37,55.2506,11.2935,55.74,80,98,5.91,light rain
486,Vardo,NO,2022-09-25 03:26:37,70.3705,31.1107,40.98,87,45,6.91,scattered clouds
487,Lantawan,PH,2022-09-25 03:26:38,10.6167,123.9833,83.89,74,100,9.69,overcast clouds
488,Aden,YE,2022-09-25 03:26:38,12.7794,45.0367,87.53,68,100,11.79,overcast clouds
489,Waipawa,NZ,2022-09-25 03:26:38,-41.4122,175.5153,49.06,83,100,7.78,overcast clouds
490,Cessnock,AU,2022-09-25 03:26:39,-32.8333,151.35,70.56,35,0,5.82,clear sky
491,Port Moresby,PG,2022-09-25 03:26:39,-9.4431,147.1797,89.02,62,40,17.27,haze
492,Flin Flon,CA,2022-09-25 03:26:39,54.7682,-101.865,52.84,58,52,9.53,broken clouds
493,Jacareacanga,BR,2022-09-25 03:26:40,-6.2222,-57.7528,76.41,48,0,0.78,clear sky
494,Yatou,CN,2022-09-25 03:26:40,37.15,122.3833,72.54,51,40,8.25,scattered clouds
495,Shibetsu,JP,2022-09-25 03:26:41,43.659,145.132,74.1,60,20,5.75,few clouds
496,Killybegs,IE,2022-09-25 03:26:41,54.6333,-8.45,55.38,71,100,7.49,overcast clouds
497,Manaira,BR,2022-09-25 03:26:41,-7.7061,-38.1544,68.99,66,8,3.78,clear sky
498,Teya,RU,2022-09-25 03:26:42,60.3778,92.6267,33.58,91,99,2.44,overcast clouds
499,Lubango,AO,2022-09-25 03:26:42,-14.9172,13.4925,65.91,42,86,1.95,overcast clouds
500,Parkes,AU,2022-09-25 03:26:43,-33.1333,148.1833,61.09,53,0,7.49,clear sky
501,Zyryanka,RU,2022-09-25 03:27:43,65.75,150.85,41.65,54,8,11.32,clear sky
502,Mattru,SL,2022-09-25 03:27:44,7.6244,-11.8332,72.03,99,100,2.91,overcast clouds
503,Baoqing,CN,2022-09-25 03:27:44,46.3317,132.2111,67.41,45,89,10.09,overcast clouds
504,Dicabisagan,PH,2022-09-25 03:27:44,17.0818,122.4157,80.06,90,100,8.23,light rain
505,Sandwick,GB,2022-09-25 03:27:45,60.0,-1.25,53.42,87,100,17.27,light rain
506,Aklavik,CA,2022-09-25 03:27:45,68.2191,-135.0107,37.24,98,100,7.02,overcast clouds
507,San Francisco,US,2022-09-25 03:27:46,37.7749,-122.4194,79.68,86,20,17.27,few clouds
508,Tenenkou,ML,2022-09-25 03:27:46,14.4572,-4.9169,78.31,70,90,13.58,overcast clouds
509,Serra Talhada,BR,2022-09-25 03:27:46,-7.9919,-38.2983,75.51,60,4,11.83,clear sky
510,Gediz,TR,2022-09-25 03:27:47,39.0417,29.41,48.22,44,0,4.23,clear sky
511,Touros,BR,2022-09-25 03:27:47,-5.1989,-35.4608,77.88,67,16,14.25,few clouds
512,Los Llanos De Aridane,ES,2022-09-25 03:27:48,28.6585,-17.9182,69.55,97,100,8.05,mist
513,Naryan-Mar,RU,2022-09-25 03:27:48,67.6713,53.087,30.4,89,15,7.61,few clouds
514,Leland,US,2022-09-25 03:26:03,34.2563,-78.0447,71.96,71,0,4.61,clear sky
515,Nasice,HR,2022-09-25 03:27:49,45.4886,18.0878,54.75,86,100,4.16,light rain
516,Saint Anthony,US,2022-09-25 03:27:49,45.0205,-93.218,59.67,85,100,12.66,overcast clouds
517,Askino,RU,2022-09-25 03:27:50,56.0901,56.5783,55.89,81,100,6.98,overcast clouds
518,Oistins,BB,2022-09-25 03:27:50,13.0667,-59.5333,80.69,89,40,12.66,scattered clouds
519,Auki,SB,2022-09-25 03:27:50,-8.7676,160.7034,82.9,73,44,1.88,scattered clouds
520,Pemangkat,ID,2022-09-25 03:27:51,1.1667,108.9667,84.79,65,81,2.21,broken clouds
521,Tubuala,PA,2022-09-25 03:27:51,9.5167,-79.0333,78.58,85,100,6.33,overcast clouds
522,Uchiza,PE,2022-09-25 03:27:52,-8.4592,-76.4633,71.13,88,50,2.26,scattered clouds
523,Zimovniki,RU,2022-09-25 03:27:52,47.1483,42.4633,48.56,81,7,14.25,clear sky
524,Westport,US,2022-09-25 03:23:04,41.1415,-73.3579,60.85,75,0,1.99,clear sky
525,Balfron,GB,2022-09-25 03:27:54,56.0681,-4.3356,47.7,96,100,3.38,overcast clouds
526,Almaznyy,RU,2022-09-25 03:27:54,48.0448,40.045,46.26,81,81,13.67,broken clouds
527,Acapulco,MX,2022-09-25 03:26:08,16.8634,-99.8901,84.02,79,75,8.05,broken clouds
528,Diebougou,BF,2022-09-25 03:27:55,10.9667,-3.25,72.54,94,100,1.97,moderate rain
529,Rio Gallegos,AR,2022-09-25 03:27:55,-51.6226,-69.2181,37.45,60,0,9.22,clear sky
530,Puerto Leguizamo,CO,2022-09-25 03:27:55,-0.1934,-74.7819,71.94,99,100,0.51,overcast clouds
531,Weiden,DE,2022-09-25 03:23:22,49.6775,12.1567,53.71,91,100,0.0,mist
532,Bodaybo,RU,2022-09-25 03:27:56,57.8506,114.1933,37.62,76,100,7.11,light rain
533,Daru,PG,2022-09-25 03:27:56,-9.0763,143.2092,82.22,80,79,14.09,broken clouds
534,Krasnoarmeysk,RU,2022-09-25 03:27:57,51.0239,45.6969,51.55,73,100,8.12,overcast clouds
535,Arnedo,ES,2022-09-25 03:27:57,42.2167,-2.1,45.9,79,4,7.9,clear sky
536,Magdalena,PH,2022-09-25 03:27:58,14.1999,121.429,82.35,90,100,7.54,moderate rain
537,Elban,RU,2022-09-25 03:27:58,50.1018,136.5094,60.44,63,14,7.76,few clouds
538,Antonovo,BG,2022-09-25 03:27:58,43.15,26.1667,32.77,46,70,3.91,broken clouds
539,Zitsa,GR,2022-09-25 03:27:59,39.6943,20.6372,52.95,100,95,0.0,overcast clouds
540,Roxana,CR,2022-09-25 03:27:59,10.2753,-83.7513,79.03,95,81,2.68,broken clouds
541,Margate,GB,2022-09-25 03:28:00,51.3813,1.3862,55.69,79,63,8.01,broken clouds
542,Port Keats,AU,2022-09-25 03:28:00,-14.25,129.55,89.73,54,7,12.44,clear sky
543,Terenos,BR,2022-09-25 03:28:01,-20.4422,-54.8603,74.91,46,0,12.66,clear sky
544,Kenai,US,2022-09-25 03:28:01,60.5544,-151.2583,50.02,85,100,0.0,light rain
545,Shchelkun,RU,2022-09-25 03:29:02,56.3034,60.9483,47.77,83,100,9.35,overcast clouds
546,Jinchang,CN,2022-09-25 03:29:02,38.4953,102.1739,67.77,13,0,2.39,clear sky
547,Tilichiki,RU,2022-09-25 03:29:03,60.4667,166.1,45.55,54,24,8.28,few clouds
548,General Roca,AR,2022-09-25 03:29:03,-39.0333,-67.5833,56.7,59,100,8.39,overcast clouds
549,Santa Rosa,PH,2022-09-25 03:29:03,14.3122,121.1114,83.1,83,100,7.34,moderate rain
550,Alice Springs,AU,2022-09-25 03:29:04,-23.7,133.8833,92.21,15,26,13.8,scattered clouds
551,Esso,RU,2022-09-25 03:29:04,55.9333,158.7,36.79,99,100,8.32,light rain
552,Juba,SS,2022-09-25 03:29:04,4.8517,31.5825,68.67,94,22,2.8,light rain
553,Voka,EE,2022-09-25 03:29:05,59.3997,27.5817,49.77,70,100,16.37,overcast clouds
554,Santa Cruz,BO,2022-09-25 03:25:05,-17.8,-63.1667,72.86,68,78,6.91,smoke
555,Kamenka,RU,2022-09-25 03:29:05,51.3223,42.7678,44.33,86,12,10.29,few clouds
556,Taloqan,AF,2022-09-25 03:29:06,36.7361,69.5345,73.4,17,0,3.18,clear sky
557,Mount Isa,AU,2022-09-25 03:29:06,-20.7333,139.5,91.17,12,1,10.36,clear sky
558,Dilla,ET,2022-09-25 03:29:07,6.41,38.31,61.0,82,100,4.12,overcast clouds
559,Xihe,CN,2022-09-25 03:29:07,31.6864,113.4659,72.45,37,100,4.34,overcast clouds
560,Kulgam,IN,2022-09-25 03:29:07,33.65,75.0167,60.24,93,100,6.13,overcast clouds
561,Dharmanagar,IN,2022-09-25 03:29:08,24.3667,92.1667,84.74,73,80,1.43,broken clouds
562,Pankrushikha,RU,2022-09-25 03:29:08,53.8319,80.3406,60.93,47,98,11.95,light rain
563,Lazaro Cardenas,MX,2022-09-25 03:29:09,17.9583,-102.2,79.48,86,48,5.84,scattered clouds
564,Moose Factory,CA,2022-09-25 03:29:09,51.2585,-80.6094,44.6,93,0,2.3,clear sky
